d,reservas_musd,EMAE,IPC_VAR,Base_Monetaria,saldo comercial,Precio_Maiz,Precio_Trigo,Precio_Soja,Brecha_Usd,Tasa_Badlar,riesgo_pais,Tasa de interes Internacional,VIX,reservas_lag1,EMAE_lag1,target_reservas_next_month,cepo,cosecha_gruesa,sequia,anio_electoral,cosecha_efectiva,desembolso_fmi,trimestre,es_diciembre,brecha_promedio_3m
1998-12-31,32741.7,101.33597607343252,0.0,15460.75,-247.22,92.7170656696428,111.804587463768,204.9125219625,0.0,10.85625,718.13,5.56,23.87,,,33044.2,0,0,0,0,0,0,4,1,
1999-01-31,33044.2,101.88671507383158,0.005,15621.25,-362.79,92.9470118303571,111.893213492063,195.036666275,0.0,10.85625,800.44,5.51,20.0,32741.7,101.33597607343252,33319.55,0,0,0,1,0,0,1,0,
1999-02-28,33319.55,102.4202434804682,-0.002,14959.9,-331.77,83.5984030357143,104.278526,179.67167219375,0.0,8.89375,769.55,5.49,20.16,33044.2,101.88671507383158,33503.13043478261,0,0,0,1,0,0,1,0,0.0
1999-03-31,33503.13043478261,102.05021571457506,-0.008,14651.04347826087,-80.54,86.3819147321428,104.575670434783,175.0552838375,0.0,6.804347826086956,715.17,5.45,22.03,33319.55,102.4202434804682,32526.6,0,0,0,1,0,0,1,0,0.0
1999-04-30,32526.6,100.5184728697151,-0.001,14358.35,160.97,87.1209208758503,102.331111666667,177.5357313125,0.0,5.75625,625.59,5.49,20.87,33503.13043478261,102.05021571457506,31701.3,0,1,0,1,1,0,2,0,0.0
1999-05-31,31701.3,100.80244766679589,-0.005,14434.8,289.18,85.6504712053571,99.6103306349206,171.44944815625,0.0,6.51875,672.35,5.56,21.66,32526.6,100.5184728697151,31500.55,0,1,0,1,1,0,2,0,0.0
1999-06-30,31500.55,100.64755232293363,0.0,14296.15,-82.99,85.4093406300459,99.9427733333333,170.0025204625,0.0,8.084375,750.91,5.54,19.93,31701.3,100.80244766679589,33312.28571428572,0,1,0,1,1,0,2,0,0.0
1999-07-31,33312.28571428572,99.26209952505464,0.002,14887.476190476193,-337.18,87.2228376839286,93.0139676190476,158.31226338125,0.0,8.175595238095237,859.36,5.55,31.59,31500.55,100.64755232293363,32562.0,0,1,0,1,1,0,3,0,0.0
1999-08-31,32562.0,100.70778940110227,-0.004,14741.523809523807,-231.87,92.9532749553571,98.0220816666666,172.00065870625,0.0,8.110119047619046,850.18,5.51,38.2,33312.28571428572,99.26209952505464,32329.68181818182,0,0,0,1,0,0,3,0,0.0
1999-09-30,32329.68181818182,100.93152712001442,-0.002,14317.54545454545,-336.3,95.0816190401786,94.79866,180.63629065625,0.0,8.806818181818182,709.27,5.07,36.61,32562.0,100.70778940110227,32946.25,0,0,0,1,0,0,3,0,0.0
1999-10-31,32946.25,101.23271251085768,0.0,14195.45,-312.16,95.1693511057143,88.5522366666667,178.1788102875,0.0,10.76875,647.1,4.83,26.22,32329.68181818182,100.93152712001442,33384.04545454546,0,0,0,1,0,0,4,0,0.0
1999-11-30,33384.04545454546,101.6027402767508,-0.003,14098.95454545455,-324.61,95.5393729517857,91.6754483333333,171.1968099875,0.0,10.39488636363636,632.27,4.68,25.48,32946.25,101.23271251085768,33907.14285714286,0,0,0,1,0,0,4,0,0.0
1999-12-31,33907.14285714286,103.34961554364168,-0.001,15040.09523809524,-249.48,95.5305508928571,90.4373465217391,169.95658625,0.0,11.84226190476191,580.52,4.63,28.04,33384.04545454546,101.6027402767508,32183.57142857143,0,0,0,1,0,0,4,1,0.0
2000-01-31,32183.57142857143,101.47366082353228,0.008,15351.33333333333,-83.95,84.0395145034014,93.6228626666666,180.3836524875,0.0,8.160714285714286,556.35,4.76,28.82,33907.14285714286,103.34961554364168,33321.47619047619,0,0,0,0,0,0,1,0,0.0
2000-02-29,33321.47619047619,102.09324219898126,0.0,14452.09523809524,-124.44,75.057375212585,98.1668294444444,185.75795535,0.0,8.869047619047617,560.2,4.81,25.31,32183.57142857143,101.47366082353228,33654.95652173913,0,0,0,0,0,0,1,0,0.0
2000-03-31,33654.95652173913,101.61134557363204,-0.005,14019.0,44.33,75.2405311428571,96.3962107246377,190.97148846875,0.0,7.581521739130434,538.13,4.74,23.48,33321.47619047619,102.09324219898126,33194.94444444445,0,0,0,0,0,0,1,0,0.0
2000-04-30,33194.94444444445,100.81105296367711,-0.001,13998.77777777778,418.98,80.150576268797,94.4312233333333,197.1037058375,0.0,7.506944444444445,591.21,4.74,26.2,33654.95652173913,101.61134557363204,32440.28571428571,0,1,0,0,1,0,2,0,0.0
2000-05-31,32440.28571428571,99.5804955096604,-0.004,13935.28571428571,385.21,84.7072744047619,99.1120469565218,200.8703112625,0.0,8.732142857142858,680.22,4.76,23.63,33194.94444444445,100.81105296367711,33192.52380952381,0,1,0,0,1,0,2,0,0.0
2000-06-30,33192.52380952381,99.58910080654164,-0.002,13828.0,212.47,88.9371078282313,103.366615,186.952244875,0.0,7.946428571428571,669.23,4.99,21.05,32440.28571428571,99.5804955096604,35201.28571428572,0,1,0,0,1,0,2,0,0.0
2000-07-31,35201.28571428572,100.45823579154644,0.004,14392.90476190476,162.52,96.2242037593985,97.1257588888889,169.497244125,0.0,7.761904761904764,644.86,5.07,24.32,33192.52380952381,99.58910080654164,33451.18181818182,0,1,0,0,1,0,3,0,0.0
2000-08-31,33451.18181818182,99.6063114003041,-0.002,14141.90909090909,-103.24,94.2972332706767,96.6518188405797,167.86657958125,0.0,7.653409090909091,685.57,5.22,24.54,35201.28571428572,100.45823579154644,33488.76190476191,0,0,0,0,0,0,3,0,0.0
2000-09-30,33488.76190476191,99.5804955096604,-0.002,13790.90476190476,74.28,92.3775148214285,103.44217015873,180.45255380625,0.0,8.395833333333334,679.0,5.2,24.02,33451.18181818182,99.6063114003041,33627.80952380953,0,0,0,0,0,0,3,0,0.0
2000-10-31,33627.80952380953,99.47723194708556,0.002,13711.428571428572,-179.82,91.0121535714286,107.775855,173.60835614375,0.0,9.300595238095235,756.95,5.42,21.82,33488.76190476191,99.5804955096604,31335.09523809524,0,0,0,0,0,0,4,0,0.0
2000-11-30,31335.09523809524,98.79741349346794,-0.005,13548.04761904762,-37.68,87.5450665178572,105.036781666667,177.19122471875,0.0,12.866071428571432,860.64,5.3,22.16,33627.80952380953,99.47723194708556,32267.27777777778,0,0,0,0,0,0,4,0,0.0
2000-12-31,32267.27777777778,102.76445535571764,-0.001,14122.72222222222,291.89,85.0775230867347,113.740020166667,185.96465930625,0.0,14.673611111111112,804.3,5.45,23.2,31335.09523809524,98.79741349346794,35623.77272727273,0,0,0,0,0,0,4,1,0.0
2001-01-31,35623.77272727273,100.33776163520912,0.001,14365.81818181818,87.25,83.1606659863946,109.479425,175.4227575375,0.0,8.761363636363635,701.32,5.73,23.6,32267.27777777778,102.76445535571764,34270.3,0,0,0,0,0,0,1,0,0.0
2001-02-28,34270.3,100.19147158822814,-0.002,13980.75,89.49,90.7546695436508,103.323190666667,167.45317166875,0.0,6.415625,705.15,5.85,22.72,35623.77272727273,100.33776163520912,32782.54545454546,0,0,0,0,0,0,1,0,0.0
2001-03-31,32782.54545454546,99.47723194708556,0.002,13846.59090909091,-11.45,92.8790316381988,105.571235,164.37557943125,0.0,15.07386363636364,840.23,6.02,27.16,34270.3,100.19147158822814,28647.61111111111,0,0,0,0,0,0,1,0,0.0
2001-04-30,28647.61111111111,99.9419179786723,0.007,13565.611111111108,474.08,89.7439884868421,106.154202698413,158.6108357625,0.0,18.94791666666667,972.75,6.27,26.37,32782.54545454546,99.47723194708556,26566.04761904761,0,1,0,0,1,0,2,0,0.0
2001-05-31,26566.04761904761,99.67515377535396,0.001,13251.19047619048,486.59,86.2677391304348,110.774167246377,163.87030309375,0.0,15.83035714285714,990.83,6.53,21.54,28647.61111111111,99.9419179786723,26469.45,0,1,0,0,1,0,2,0,0.0
2001-06-30,26469.45,99.18465185312354,-0.007,14801.9,767.6,89.8825542410714,109.426138730159,170.232191525,0.0,12.634375,955.05,6.54,19.89,26566.04761904761,99.67515377535396,24014.14285714285,0,1,0,0,1,0,2,0,0.0
2001-07-31,24014.14285714285,96.59445749187157,-0.003,15008.7619047619,583.68,92.3115151680672,108.343711666667,186.65367249375,0.0,33.80059523809524,1386.23,6.5,18.09,26469.45,99.18465185312354,18743.0,0,1,0,0,1,0,3,0,0.0
2001-08-31,18743.0,95.26924177216124,-0.004,13484.40909090909,687.75,91.9669605867347,104.224209275362,182.74926443125,0.0,35.60227272727273,1488.91,6.52,19.69,24014.14285714285,96.59445749187157,22913.55,0,0,0,0,0,0,3,0,0.0
2001-09-30,22913.55,93.17815463002096,-0.001,12822.25,760.78,90.728193843985,103.176216,172.3451653,0.0,26.890625,1536.95,6.51,25.2,18743.0,95.26924177216124,23460.36363636364,0,0,0,0,0,0,3,0,0.0
2001-10-31,23460.36363636364,91.24196283174292,-0.004,12243.95454545455,538.65,89.8579491071429,104.831278550725,160.6319411125,0.0,28.88352272727273,1811.22,6.51,26.38,22913.55,93.17815463002096,19195.2380952381,0,0,0,0,0,0,4,0,0.0
2001-11-30,19195.2380952381,90.21793250287588,-0.003,11556.28571428571,736.57,87.1066477678571,106.801591111111,162.5611780375,0.0,41.97619047619048,2732.95,6.4,26.53,23460.36363636364,91.24196283174292,15322.2,0,0,0,0,0,0,4,0,0.0
2001-12-31,15322.2,87.36957923518683,-0.001,11262.75,1022.16,90.3313050170068,104.370385166667,160.14963188125,0.0,9.916666666666666,4417.19,5.98,24.92,19195.2380952381,90.21793250287588,15012.04545454545,1,0,0,0,0,0,4,1,0.0
2002-01-31,15012.04545454545,85.295702686809,0.023,13913.81818181818,967.24,93.1698001339286,106.189196666667,160.05776345625,0.0,7.5,4332.41,5.49,23.41,15322.2,87.36957923518683,13828.5,1,0,0,0,0,0,1,0,0.0
2002-02-28,13828.5,85.30430798369022,0.031,19956.05,1154.17,99.7000026785715,103.837602,160.19556609375,0.0,12.94196428571429,4212.9,5.31,28.5,15012.04545454545,85.295702686809,13389.315789473692,1,0,0,0,0,0,1,0,0.0
2002-03-31,13389.315789473692,84.58146304566645,0.04,21329.31578947368,1519.51,109.891001785714,102.551573666667,168.69339540625,0.0583333333333333,21.17763157894737,4749.76,4.8,28.13,13828.5,85.30430798369022,12453.95238095238,1,0,0,0,0,0,1,0,0.019444444444444434
2002-04-30,12453.95238095238,84.63309482695385,0.104,20783.71428571429,1569.68,113.941454196429,104.802958333333,171.35757973125,0.020979020979021,82.19166666666666,4835.86,4.21,22.94,13389.315789473692,84.58146304566645,11027.13636363636,1,1,0,0,1,0,2,0,0.026437451437451433
2002-05-31,11027.13636363636,85.56246689012733,0.04,21465.45454545454,1507.7,109.64680993323,104.096405217391,176.64001416875,-0.03003003003003,122.5994318181818,5389.35,3.97,20.94,12453.95238095238,84.63309482695385,9909.947368421052,1,1,0,0,1,0,2,0,0.016427441427441434
2002-06-30,9909.947368421052,85.5796774838898,0.036,20403.47368421053,1543.71,108.646429375,115.411857,185.36751454375,-0.0082872928176795,109.47697368421052,6232.6,3.77,22.32,11027.13636363636,85.56246689012733,9204.90909090909,1,1,0,0,1,0,2,0,-0.005779433956229499
2002-07-31,9204.90909090909,85.51083510883991,0.032,20360.90909090909,1433.48,107.012648482143,132.644636666667,209.0925353,0.0249307479224376,106.28977272727272,6857.96,3.65,21.86,9909.947368421052,85.5796774838898,9014.952380952382,1,1,0,0,1,0,3,0,-0.0044621916417573
2002-08-31,9014.952380952382,85.39036095250262,0.023,21034.7619047619,1414.76,105.844256122449,149.61353,208.2197852625,0.0055248618784531,74.42857142857143,6723.27,3.07,35.07,9204.90909090909,85.51083510883991,9372.190476190475,1,0,0,0,0,0,3,0,0.007389438994403735
2002-09-30,9372.190476190475,85.52804570260238,0.014,22301.90476190476,1577.62,106.141079960317,173.342621746032,208.2197852625,-0.0027472527472528,42.47321428571428,6373.71,2.49,32.72,9014.952380952382,85.39036095250262,9574.0,1,0,0,0,0,0,3,0,0.009236119017879301
2002-10-31,9574.0,85.57107218700854,0.002,23526.272727272728,1382.19,105.131878911565,180.043966666667,200.08942965,0.0191780821917808,26.42613636363636,6408.74,2.09,26.63,9372.190476190475,85.52804570260238,9880.95,1,0,0,0,0,0,4,0,0.007318563774327033
2002-11-30,9880.95,86.67255018780673,0.005,25473.3,1351.53,105.338093367347,164.279183968254,210.21792350625,0.0198300283286119,14.209375,6184.57,1.82,23.72,9574.0,85.57107218700854,10261.33333333333,1,0,0,0,0,0,4,0,0.012086952591046633
2002-12-31,10261.33333333333,87.46423750088043,0.002,27673.57142857143,1239.45,107.906400680272,149.195988333333,208.24275236875,0.0229226361031518,18.62797619047619,6250.52,1.73,22.25,9880.95,86.67255018780673,9961.136363636364,1,0,0,0,0,0,4,1,0.020643582207848166
2003-01-31,9961.136363636364,89.23692865841501,0.013,29648.772727272728,1395.64,107.02530255102,140.483285555556,208.67359625,0.0552147239263804,13.92329545454546,6067.19,1.74,22.88,10261.33333333333,87.46423750088043,9691.05,0,0,0,1,0,0,1,0,0.03265579611938137
2003-02-28,9691.05,90.01140537772622,0.006,29415.25,1351.45,97.6706649659864,141.656504385965,209.613139105263,0.0253164556962024,16.85,6264.9,1.73,18.99,9961.136363636364,89.23692865841501,10360.5,0,0,0,1,0,0,1,0,0.034484605241911534
2003-03-31,10360.5,89.06482272079029,0.006,30386.6,1318.47,100.349578214286,129.2458475,210.22208075,0.0324675324675325,19.9375,6686.71,1.75,19.9,9691.05,90.01140537772622,10596.55,0,0,0,1,0,0,1,0,0.03766623736337176
2003-04-30,10596.55,91.73246475397336,0.001,30891.85,1348.87,103.238455272109,126.048273650794,221.70886125,0.0448275862068965,17.46875,5525.38,1.75,20.09,10360.5,89.06482272079029,11079.80952380952,0,1,0,1,1,0,2,0,0.0342038581235438
2003-05-31,11079.80952380952,92.42088850447225,-0.004,33203.71428571428,2037.9,104.205951552795,131.052411111111,232.412651,0.0176056338028169,10.33035714285714,5265.77,1.75,25.27,10596.55,91.73246475397336,11804.95,0,1,0,1,1,0,2,0,0.03163358415908196
2003-06-30,11804.95,92.93720631734638,-0.001,36152.15,1725.22,108.10048487395,118.157133809524,229.77497825,0.0142348754448398,9.121875,4726.58,1.73,34.05,11079.80952380952,92.42088850447225,12780.59090909091,0,1,0,1,1,0,2,0,0.025556031818184402
2003-07-31,12780.59090909091,94.05589491190705,0.004,38014.95454545454,1575.78,111.992209586466,115.775953333333,214.0320525,0.0035714285714285,4.076704545454546,4805.61,1.74,33.74,11804.95,92.93720631734638,13393.5,0,1,0,1,1,0,3,0,0.0118039792730284
2003-08-31,13393.5,93.7116830366576,0.0,38955.4,1211.83,116.245588293651,133.484491904762,208.21867425,-0.0443686006825939,2.809375,5040.59,1.75,37.65,12780.59090909091,94.05589491190705,12561.54545454545,0,0,0,1,0,0,3,0,-0.008854098888775199
2003-09-30,12561.54545454545,95.08853053765532,0.0,39755.18181818182,1050.29,122.932429135338,130.64998047619,231.69964825,0.0034246575342467,3.113636363636364,5024.13,1.75,35.24,13393.5,93.7116830366576,13242.09090909091,0,0,0,1,0,0,3,0,-0.0124575048589729
2003-10-31,13242.09090909091,96.1211661634036,0.006,41786.27272727273,1001.6,128.460194875776,130.056604492754,268.987847282609,0.0244755244755245,3.28125,5481.0,1.34,28.18,12561.54545454545,95.08853053765532,13333.57894736842,0,0,0,1,0,0,4,0,-0.0054894728909409
2003-11-30,13333.57894736842,96.37932506984068,0.002,43532.31578947369,1117.51,133.439499659864,141.347084035088,279.721085644737,-0.003472222222222,3.5,6195.84,1.24,28.21,13242.09090909091,96.1211661634036,13802.04761904762,0,0,0,1,0,0,4,0,0.008142653262516399
2003-12-31,13802.04761904762,97.06774882033956,0.002,45349.19047619047,953.44,129.285215714286,145.067495396825,283.185366068182,-0.0304054054054053,2.747023809523809,5776.17,1.24,27.42,13333.57894736842,96.37932506984068,14500.7619047619,0,0,0,1,0,0,4,1,-0.0031340343840342657
2004-01-31,14500.7619047619,98.4445963213373,0.004,46992.619047619046,713.88,123.278751020408,147.289612380952,300.8987522625,0.0242214532871971,1.851190476190476,5571.05,1.26,32.22,13802.04761904762,97.06774882033956,15006.5,0,0,0,0,0,0,1,0,-0.003218724780143399
2004-02-29,15006.5,98.18357797787056,0.001,46894.75,1031.3,104.49448877551,141.733859473684,316.551810197368,-0.0034129692832765,1.571875,5690.77,1.25,30.63,14500.7619047619,98.4445963213373,13531.08695652174,0,0,0,0,0,0,1,0,-0.003198973800494899
2004-03-31,13531.08695652174,97.77343649859702,0.006,44575.08695652174,967.52,104.0931375,142.548725,360.675360423913,0.010344827586207,1.505434782608696,5620.66,1.26,23.99,15006.5,98.18357797787056,15304.26315789474,0,0,0,0,0,0,1,0,0.0103844371967092
2004-04-30,15304.26315789474,95.1539150994344,0.009,46210.63157894737,1388.87,97.7269052721088,146.064823492064,363.50454925,0.028169014084507,1.651315789473684,4675.54,1.26,20.24,13531.08695652174,97.77343649859702,16251.4,0,1,0,0,1,0,2,0,0.011700290795812501
2004-05-31,16251.4,96.87749746899772,0.007,47068.75,1602.24,93.4151484693877,143.184267368421,347.87097975,-0.0205479452054794,3.2375,4886.98,1.22,20.36,15304.26315789474,95.1539150994344,17248.80952380952,0,1,0,0,1,0,2,0,0.005988632155078202
2004-06-30,17248.80952380952,98.6396974743446,0.006,48003.619047619046,911.36,93.7585103383459,136.86140984127,320.229696340909,-0.027027027027027,2.9821428571428568,5024.43,1.01,19.16,16251.4,96.87749746899772,17935.61904761905,0,1,0,0,1,0,2,0,-0.0064686527159997995
2004-07-31,17935.61904761905,100.8717524283984,0.005,46522.09523809524,1064.46,95.6085204081633,132.387431,289.785314,0.0,3.1994047619047614,5025.92,1.03,19.27,17248.80952380952,98.6396974743446,18073.0,0,1,0,0,1,0,3,0,-0.015858324077502133
2004-08-31,18073.0,102.20975841516832,0.003,46550.14285714286,913.32,96.03875875,122.05578,225.7900365,-0.016611295681063,4.190476190476192,5198.46,1.01,19.53,17935.61904761905,100.8717524283984,18191.04545454546,0,0,0,0,0,0,3,0,-0.014546107569363332
2004-09-30,18191.04545454546,102.34672306373008,0.006,46377.72727272727,976.72,94.3593936090225,126.8207655,206.447103,0.0,4.446022727272728,5420.57,1.01,18.02,18073.0,102.20975841516832,18392.15,0,0,0,0,0,0,3,0,-0.005537098560354333
2004-10-31,18392.15,103.13232393425764,0.004,46483.55,858.15,100.014011054422,123.056289365079,193.43370925,0.0134680134680134,4.38125,5391.69,1.0,17.4,18191.04545454546,102.34672306373008,18711.72727272727,0,0,0,0,0,0,4,0,-0.0010477607376832
2004-11-30,18711.72727272727,103.64959795144398,0.0,47096.22727272727,849.24,96.4708717687075,127.133086666667,195.8176755,0.0169491525423728,4.122159090909091,5208.72,0.98,16.83,18392.15,103.13232393425764,19318.45454545454,0,0,0,0,0,0,4,0,0.0101390553367954
2004-12-31,19318.45454545454,102.71712336642013,0.008,50634.63636363636,853.4,95.364812414966,123.554573043478,198.59095,0.0,4.011363636363637,4938.16,1.0,16.1,18711.72727272727,103.64959795144398,19850.0,0,0,0,0,0,0,4,1,0.0101390553367954
2005-01-31,19850.0,105.70228375576124,0.015,49971.47619047619,880.09,97.6152767857143,122.778962166667,195.6647954625,0.0,3.214285714285714,4990.36,1.01,16.0,19318.45454545454,102.71712336642013,20517.65,0,0,0,0,0,0,1,0,0.005649717514124267
2005-02-28,20517.65,105.99294846493947,0.009,49389.95,738.97,105.664287142857,123.129960877193,197.58924675,0.0205479452054795,2.925,5031.95,1.0,17.69,19850.0,105.70228375576124,20758.52380952381,0,0,0,0,0,0,1,0,0.006849315068493167
2005-03-31,20758.52380952381,106.76622731804092,0.015,49828.619047619046,856.87,99.2866364285714,129.955668333333,233.180530704545,0.006825938566553,3.0297619047619047,5100.95,1.0,15.7,20517.65,105.99294846493947,20632.52380952381,0,0,0,0,0,0,1,0,0.009124627924010833
2005-04-30,20632.52380952381,108.1166940651456,0.005,49920.52380952381,1180.94,97.0707683673469,120.064305079365,228.7645265,0.0068965517241379,3.9702380952380953,5794.85,1.0,17.71,20758.52380952381,106.76622731804092,21596.28571428571,0,1,0,0,1,0,2,0,0.011423478498723466
2005-05-31,21596.28571428571,109.21273088543292,0.006,50984.90476190476,1219.32,101.551246088435,119.154461904762,233.462471,0.0103806228373701,4.9434523809523805,6307.31,1.03,15.34,20632.52380952381,108.1166940651456,22582.2380952381,0,1,0,0,1,0,2,0,0.008034371042687
2005-06-30,22582.2380952381,108.6229118163501,0.009,51581.19047619047,726.58,95.9797064285714,122.473321666667,254.742401931818,0.0104166666666667,5.285714285714286,2962.05,1.26,15.5,21596.28571428571,109.21273088543292,23992.57142857143,0,1,0,0,1,0,2,0,0.009231280409391565
2005-07-31,23992.57142857143,109.178047396818,0.01,54436.47619047619,1251.97,102.676052210884,130.164439166667,253.3478115,0.0104529616724737,5.946428571428571,426.76,1.43,16.68,22582.2380952381,108.6229118163501,25104.772727272728,0,1,0,0,1,0,3,0,0.010416750392170167
2005-08-31,25104.772727272728,109.37031657391636,0.004,54185.045454545456,1211.7,102.7904075,131.558302173913,230.426931684783,0.0,5.323863636363637,419.34,1.61,14.08,23992.57142857143,109.178047396818,25578.45454545454,0,0,0,0,0,0,3,0,0.006956542779713467
2005-09-30,25578.45454545454,109.278535047962,0.012,53074.86363636364,1014.85,106.936502067669,137.386319365079,212.01552325,-0.013745704467354,5.784090909090909,396.8,1.76,14.97,25104.772727272728,109.37031657391636,26060.1,0,0,0,0,0,0,3,0,-0.0010975809316267667
2005-10-31,26060.1,109.92171940679034,0.008,55197.9,896.18,104.952080357143,143.072839206349,211.16691875,-0.0269360269360269,6.096875,391.42,1.93,13.58,25578.45454545454,109.278535047962,26507.72727272727,0,0,0,0,0,0,4,0,-0.0135605771344603
2005-11-30,26507.72727272727,111.14926191295235,0.012,55888.09090909091,572.78,107.910347368421,136.353997301587,210.9000895,-0.0235690235690236,6.778409090909091,380.13,2.16,12.46,26060.1,109.92171940679034,27323.09090909091,0,0,0,0,0,0,4,0,-0.021416918324134834
2005-12-31,27323.09090909091,112.90824237137406,0.011,55764.86363636364,1149.63,110.624682142857,139.99337,216.542872,-0.0198675496688741,7.482142857142858,494.14,2.28,13.44,26507.72727272727,111.14926191295235,19431.36363636364,0,0,0,0,0,0,4,1,-0.0234575333913082
2006-01-31,19431.36363636364,113.87158094323104,0.013,59329.63636363636,863.89,109.612356632653,144.5679565,214.0090876875,-0.022950819672131,8.21875,460.23,2.5,11.71,27323.09090909091,112.90824237137406,20045.6,0,0,0,0,0,0,1,0,-0.02212913097000957
2006-02-28,20045.6,114.73865945994336,0.004,58403.2,763.91,114.305610178571,158.887350175439,214.365646618421,-0.0162866449511399,7.378125,381.89,2.63,13.13,19431.36363636364,113.87158094323104,20907.13636363636,0,0,0,0,0,0,1,0,-0.019701671430715
2006-03-31,20907.13636363636,114.28729015649348,0.012,58455.22727272727,925.89,115.277289285714,155.793146666667,212.714071956522,-0.0032467532467532,8.210227272727273,349.33,2.79,14.46,20045.6,114.73865945994336,21891.0,0,0,0,0,0,0,1,0,-0.0141614059566747
2006-04-30,21891.0,115.7312766913345,0.01,60248.38888888889,1379.87,120.269894642857,161.208002807018,208.902438592105,0.003257328990228,9.0,332.05,3.0,13.97,20907.13636363636,114.28729015649348,23691.42857142857,0,1,0,0,1,0,2,0,-0.005425356402555033
2006-05-31,23691.42857142857,115.05627151336188,0.005,61181.90476190476,1355.36,142.262410714286,176.603423333333,217.355687181818,0.0098360655737705,8.946428571428571,343.69,3.04,11.87,21891.0,115.7312766913345,24857.7619047619,0,1,0,0,1,0,2,0,0.0032822137724150997
2006-06-30,24857.7619047619,116.26035653194694,0.005,62699.38095238096,988.6,164.10640125,176.920755,216.503901409091,0.0032467532467532,8.901785714285714,383.19,3.26,11.05,23691.42857142857,115.05627151336188,26063.04761904761,0,1,0,0,1,0,2,0,0.005446715936917233
2006-07-31,26063.04761904761,118.20554173629658,0.006,65226.66666666666,964.5,160.720734821429,181.348366833333,217.2517192125,-0.0064935064935065,9.166666666666666,362.26,3.5,12.95,24857.7619047619,116.26035653194694,27016.72727272727,0,1,0,0,1,0,3,0,0.0021964374423390667
2006-08-31,27016.72727272727,118.8299740709648,0.006,67226.40909090909,965.37,165.160018984962,165.129378333333,203.84366351087,0.0064935064935065,9.460227272727272,325.24,3.62,12.63,26063.04761904761,118.20554173629658,27753.71428571429,0,0,0,0,0,0,3,0,0.0010822510822510666
2006-09-30,27753.71428571429,119.85264347755344,0.009,69239.71428571429,878.68,177.384885526316,164.942319666667,199.307014725,0.0,9.452380952380953,331.63,3.78,14.94,27016.72727272727,118.8299740709648,28407.33333333333,0,0,0,0,0,0,3,0,0.0
2006-10-31,28407.33333333333,120.57417853809176,0.009,70098.76190476191,948.62,169.583269727891,182.432305,217.885965579545,0.0,9.470238095238097,302.61,4.0,12.15,27753.71428571429,119.85264347755344,29802.38095238095,0,0,0,0,0,0,4,0,0.0021645021645021667
2006-11-30,29802.38095238095,120.606662908907,0.007,71741.19047619047,872.85,152.630566785714,182.301077619048,244.00003925,0.0064935064935065,9.589285714285712,291.65,4.16,11.26,28407.33333333333,120.57417853809176,31153.10526315789,0,0,0,0,0,0,4,0,0.0021645021645021667
2006-12-31,31153.10526315789,123.31897884147902,0.01,76755.0,1484.98,160.139158928571,179.529555333333,243.307595475,0.0196078431372548,9.796052631578949,250.46,4.29,12.04,29802.38095238095,120.606662908907,32853.54545454546,0,0,0,0,0,0,4,1,0.008700449876920433
2007-01-31,32853.54545454546,122.06683226976972,0.011,77995.5,438.51,164.537264484127,172.5666305,255.8673795,0.006472491909385,9.198863636363637,202.7,4.49,12.47,31153.10526315789,123.31897884147902,34240.55,0,0,0,1,0,0,1,0,0.010857947180048767
2007-02-28,34240.55,124.64467750096972,0.003,76941.05,796.56,147.216401315789,175.26729,278.038610960526,-0.0064516129032258,7.946875,207.69,4.59,11.69,32853.54545454546,122.06683226976972,35884.36363636364,0,0,0,1,0,0,1,0,0.006542907381138
2007-03-31,35884.36363636364,126.51807566323647,0.008,78386.5,750.48,151.030785714286,173.313195,276.959814170455,-0.0032258064516129,8.286931818181818,220.05,4.79,11.85,34240.55,124.64467750096972,37761.72222222222,0,0,0,1,0,0,1,0,-0.0010683091484845668
2007-04-30,37761.72222222222,125.35577094402838,0.007,79653.83333333331,1237.66,160.125031578947,178.555848166667,270.3922953375,0.0097087378640776,7.885416666666667,235.08,4.94,14.45,35884.36363636364,126.51807566323647,39666.428571428565,0,1,0,1,1,0,2,0,1.0439503079633325e-05
2007-05-31,39666.428571428565,127.20731035880002,0.004,80991.71428571429,1313.73,164.114103726708,178.006363333333,283.206243170455,0.0129870129870131,7.6517857142857135,277.43,4.99,16.92,37761.72222222222,125.35577094402838,41973.65,0,1,0,1,1,0,2,0,0.0064899814664926
2007-06-30,41973.65,128.4423152280783,0.004,83628.35,942.15,171.113943392857,206.516903650794,302.8293275,0.0129870129870131,7.903125,290.48,5.24,15.33,39666.428571428565,127.20731035880002,43891.95238095238,0,1,0,1,1,0,2,0,0.011894254612701266
2007-07-31,43891.95238095238,127.82559288847624,0.005,87787.42857142857,488.44,180.283263655462,222.001734603175,313.476252,0.0032154340836012,8.607142857142858,353.59,5.25,13.35,41973.65,128.4423152280783,43707.77272727273,0,1,0,1,1,0,3,0,0.009729820019209133
2007-08-31,43707.77272727273,128.75256121501766,0.006,88220.77272727272,315.24,206.558804323308,240.686992173913,309.00652923913,-0.0126984126984127,10.5,460.91,5.25,12.18,43891.95238095238,127.82559288847624,42913.5,0,0,0,1,0,0,3,0,0.0011680114574005342
2007-09-30,42913.5,129.6010244292721,0.008,87983.35,864.75,220.047597744361,297.952459122807,347.561559118421,-0.0158730158730158,12.8625,427.0,5.25,11.31,43707.77272727273,128.75256121501766,42734.545454545456,0,0,0,1,0,0,3,0,-0.0084519981626091
2007-10-31,42734.545454545456,131.20896606404193,0.007,88091.0,1180.3,233.925929285714,303.630490724638,358.402842456522,-0.0031645569620254,12.56534090909091,371.74,5.25,10.82,42913.5,129.6010244292721,43879.428571428565,0,0,0,1,0,0,4,0,-0.010578661844484633
2007-11-30,43879.428571428565,132.6425972887493,0.009,89545.71428571429,1039.71,246.6418625,286.495618095238,389.01517525,0.0222929936305731,13.72916666666667,398.68,5.24,10.96,42734.545454545456,131.20896606404193,45678.944444444445,0,0,0,1,0,0,4,0,0.001085140265177301
2007-12-31,45678.944444444445,134.19567777159722,0.009,96256.55555555556,1905.32,243.531773571429,339.225695925926,423.0807406875,0.019108280254777,13.53819444444444,394.25,5.25,11.04,43879.428571428565,132.6425972887493,46959.77272727273,0,0,0,1,0,0,4,1,0.0127455723077749
2008-01-31,46959.77272727273,135.21960828558804,0.009,97527.45454545454,1339.8,287.132070892857,336.117065079365,461.71521025,0.019108280254777,10.23579545454546,444.83,5.26,11.16,45678.944444444445,134.19567777159722,48457.33333333334,0,0,0,0,0,0,1,0,0.020169851380042368
2008-02-29,48457.33333333334,133.56897483677824,0.005,95353.85714285712,1015.88,267.141454081633,393.873734833333,508.2158935875,0.0031645569620253,8.324404761904761,477.05,5.26,15.16,46959.77272727273,135.21960828558804,50024.5,0,0,0,0,0,0,1,0,0.013793705823859767
2008-03-31,50024.5,133.27026073666454,0.011,97890.5,827.45,235.159466666667,403.812896666667,495.69088485,0.0,8.5,528.9,5.25,12.93,48457.33333333334,133.56897483677824,50335.14285714286,0,0,0,0,0,0,1,0,0.007424279072267433
2008-04-30,50335.14285714286,135.91686051611396,0.008,97946.76190476192,916.08,233.945613392857,326.851616666667,482.791340897727,0.0,8.714285714285714,555.59,5.25,13.3,50024.5,133.27026073666454,49386.90476190476,0,1,0,0,1,0,2,0,0.0010548523206751
2008-05-31,49386.90476190476,134.876762639553,0.006,98754.19047619047,1039.82,183.024702891156,288.420286349206,489.08926675,0.0095238095238097,13.22023809523809,553.05,5.25,14.95,50335.14285714286,135.91686051611396,47930.15,0,1,0,0,1,0,2,0,0.003174603174603233
2008-06-30,47930.15,133.28772309156847,0.006,100590.1,211.04,164.304400210084,314.15835,552.47214925,0.0460526315789473,17.40625,561.76,5.26,17.27,49386.90476190476,134.876762639553,47603.72727272727,0,1,0,0,1,0,2,0,0.018525480367585667
2008-07-31,47603.72727272727,135.2289086201404,0.004,100624.9545454545,963.69,158.909796964286,299.42748,554.149276465909,0.0562913907284767,14.64772727272727,626.39,5.02,25.03,47930.15,133.28772309156847,47324.2,0,1,0,0,1,0,3,0,0.0372892772770779
2008-08-31,47324.2,135.60385009796008,0.005,100632.05,2207.95,173.295129931973,304.164072666667,471.06735675,0.0693069306930693,12.259375,668.43,4.94,22.2,47603.72727272727,135.2289086201404,47070.40909090909,0,0,0,0,0,0,3,0,0.057216984333497777
2008-09-30,47070.40909090909,135.91178172989615,0.005,101755.1818181818,1607.83,163.399960515873,263.049659365079,433.383193,0.0324675324675325,12.1875,792.91,4.76,19.12,47324.2,135.60385009796008,46575.36363636364,0,0,0,0,0,0,3,0,0.05268861796302617
2008-10-31,46575.36363636364,132.4718605058797,0.004,102394.4090909091,932.23,164.577030357143,202.774935,338.78490176087,-0.0493827160493827,16.72443181818182,1487.91,4.49,25.58,47070.40909090909,135.91178172989615,45715.105263157886,0,0,0,0,0,0,4,0,0.0174639157037397
2008-11-30,45715.105263157886,130.36989846699856,0.003,100934.0526315789,720.63,168.795905442177,194.114629607843,329.136527447368,-0.0780780780780781,21.21710526315789,1785.05,4.24,21.65,46575.36363636364,132.4718605058797,46212.09523809524,0,0,0,0,0,0,4,0,-0.031664420553309425
2008-12-31,46212.09523809524,125.15387734882874,0.003,105957.1904761905,773.97,180.070212142857,188.84494968254,318.814228806818,-0.1023391812865497,19.07440476190476,1828.77,3.94,25.82,45715.105263157886,130.36989846699856,46806.428571428565,0,0,0,0,0,0,4,1,-0.07659999180467016
2009-01-31,46806.428571428565,124.325138730943,0.005,104670.2857142857,954.66,179.393794642857,211.276083333333,364.7179662,-0.0809248554913294,15.59821428571429,1572.57,2.98,25.46,46212.09523809524,125.15387734882874,47055.25,0,0,1,0,0,0,1,0,-0.08711403828531905
2009-02-28,47055.25,126.26596167819746,0.004,102727.3,1281.49,151.800255357143,195.224902631579,341.271617842105,-0.0398860398860397,11.975,1644.65,2.61,27.1,46806.428571428565,124.325138730943,46923.95238095238,0,0,1,0,0,0,1,0,-0.07438335888797293
2009-03-31,46923.95238095238,123.55556519014584,0.006,101454.9523809524,1375.35,152.036294217687,199.100568333333,333.657848522727,-0.0712328767123287,12.25595238095238,1862.95,2.28,21.56,47055.25,126.26596167819746,46295.84210526316,0,0,1,0,0,0,1,0,-0.06401459069656591
2009-04-30,46295.84210526316,121.6552304555005,0.003,99493.94736842104,2275.68,150.592793027211,200.887646666667,374.46641975,-0.05420054200542,12.753289473684212,1786.38,1.98,18.3,46923.95238095238,123.55556519014584,46569.57894736842,0,1,1,0,0,0,2,0,-0.055106486201262794
2009-05-31,46569.57894736842,121.02992803885412,0.003,101066.31578947368,2543.36,167.279121428571,227.186091,422.3550526125,-0.0510752688172043,12.815789473684212,1452.76,2.0,22.11,46295.84210526316,121.6552304555005,46385.0,0,1,1,0,0,0,2,0,-0.058836229178317656
2009-06-30,46385.0,122.52579494473768,0.004,103686.4761904762,1592.37,171.686854511278,227.314693833333,445.108171295455,-0.0530503978779841,12.94047619047619,1138.68,2.01,24.32,46569.57894736842,121.02992803885412,46021.28571428572,0,1,1,0,0,0,2,0,-0.05277540290020279
2009-07-31,46021.28571428572,124.67858002749536,0.006,105714.0476190476,1335.8,164.612819642857,195.325991666667,398.088761556818,-0.0183727034120734,13.03869047619048,1038.96,2.0,20.7,46385.0,122.52579494473768,44755.25,0,1,1,0,0,0,3,0,-0.04083279003575393
2009-08-31,44755.25,126.74999851152806,0.008,105762.75,1096.72,167.335630827068,179.554051111111,408.957381,-0.0260416666666666,12.728125,900.33,1.81,30.24,46021.28571428572,124.67858002749536,45193.68181818182,0,0,1,0,0,0,3,0,-0.03248825598557469
2009-09-30,45193.68181818182,128.1638182641213,0.007,106275.9090909091,864.81,161.906961278195,156.930450634921,349.05202725,-0.0208333333333333,12.23011363636364,825.55,0.97,61.18,44755.25,126.74999851152806,45759.90476190476,0,0,1,0,0,0,3,0,-0.02174923447069109
2009-10-31,45759.90476190476,129.28751506262597,0.008,107330.9523809524,1151.49,158.927769409938,163.726438333333,354.864809011364,0.0,11.78869047619048,705.95,0.39,62.67,45193.68181818182,128.1638182641213,46824.1,0,0,1,0,0,0,4,0,-0.015624999999999958
2009-11-30,46824.1,129.85252944144216,0.008,109612.8,1221.2,157.266642687075,177.607281403509,370.7071893,0.0131233595800523,10.665625,724.14,0.16,52.41,45759.90476190476,129.28751506262597,47719.85714285714,0,0,1,0,0,0,4,0,-0.0025699912510936574
2009-12-31,47719.85714285714,128.04180051041655,0.009,118865.0,1192.9,163.240300535714,171.155498730159,379.299369511364,0.0131233595800523,9.81547619047619,720.05,0.15,44.68,46824.1,129.85252944144216,48134.7,0,0,1,0,0,0,4,1,0.008748906386701543
2010-01-31,48134.7,131.7931623418409,0.01,121585.05,1198.97,152.873933928571,167.821862807018,358.966610210526,0.0157894736842105,9.8625,711.68,0.22,45.57,47719.85714285714,128.04180051041655,47962.45,0,0,0,0,0,0,1,0,0.014012064281438377
2010-02-28,47962.45,133.30351287180787,0.012,119394.4,503.88,163.921745578231,160.16156037037,344.660740697368,-0.0025974025974027,9.5375,790.55,0.18,44.8,48134.7,131.7931623418409,47676.59090909091,0,0,0,0,0,0,1,0,0.00877181022228671
2010-03-31,47676.59090909091,134.16615388360353,0.011,120282.3636363636,284.64,175.600130357143,156.464117971015,348.949327467391,-0.0103626943005181,9.43181818181818,704.26,0.15,38.06,47962.45,133.30351287180787,47608.65,0,0,0,0,0,0,1,0,0.0009431255954299086
2010-04-30,47608.65,137.0421837976742,0.008,120275.55,2107.02,205.839520408163,156.825468730159,357.63868,-0.0180412371134019,9.253125,629.9,0.18,31.98,47676.59090909091,134.16615388360353,48422.68421052631,0,1,0,0,1,0,2,0,-0.010333778003774224
2010-05-31,48422.68421052631,139.27253388300474,0.007,123656.6315789474,1927.44,235.703122959184,158.328459666667,349.0513711125,-0.0128205128205127,9.37828947368421,768.14,0.21,29.14,47608.65,137.0421837976742,49189.52380952381,0,1,0,0,1,0,2,0,-0.013741481411477558
2010-06-30,49189.52380952381,140.60737374745636,0.007,126897.23809523812,1218.24,238.23674875,149.21269,348.5139945,-0.010178117048346,10.14285714285714,803.27,0.16,26.16,48422.68421052631,139.27253388300474,50479.14285714286,0,1,0,0,1,0,2,0,-0.013679955660753524
2010-07-31,50479.14285714286,139.45134449066367,0.008,133899.1904761905,693.3,250.62555085034,182.738502222222,370.97576825,-0.0025445292620865,10.30654761904762,751.32,0.16,25.34,49189.52380952381,140.60737374745636,50193.66666666666,0,1,0,0,1,0,3,0,-0.008514386376981724
2010-08-31,50193.66666666666,139.97586171199134,0.007,135670.9523809524,1027.51,265.285523979592,219.877441666667,379.462210909091,-0.0101522842639594,10.46428571428571,698.77,0.15,24.93,50479.14285714286,139.45134449066367,50928.045454545456,0,0,0,0,0,0,3,0,-0.007624976858130624
2010-09-30,50928.045454545456,139.2433395519917,0.007,137986.1363636364,1038.04,293.396796992481,240.432182833333,390.23121675,-0.010126582278481,10.55113636363636,687.64,0.12,24.25,50193.66666666666,139.97586171199134,51608.57894736842,0,0,0,0,0,0,3,0,-0.007607798601508957
2010-10-31,51608.57894736842,139.9964609616523,0.008,142075.1052631579,947.73,290.43472173913,234.599563174603,427.17613225,0.0,10.69736842105263,601.33,0.12,23.79,50928.045454545456,139.2433395519917,52216.66666666666,0,0,0,0,0,0,4,0,-0.006759622180813459
2010-11-30,52216.66666666666,142.18089100463837,0.007,145338.0476190476,339.83,318.938776020408,241.840133333333,459.961136,0.0100755667506295,10.8125,531.36,0.12,21.24,51608.57894736842,139.9964609616523,52137.9,0,0,0,0,0,0,4,0,-1.700517595049078e-05
2010-12-31,52137.9,141.60089034554477,0.008,155886.2,95.28,308.575221428571,274.456818166667,483.755863022727,0.0075376884422109,11.11875,506.96,0.11,20.64,52216.66666666666,142.18089100463837,52374.52380952381,0,0,0,0,0,0,4,1,0.005871085064280143
2011-01-31,52374.52380952381,145.58908301483615,0.007,162963.0,295.92,310.536474285714,295.988606833333,511.104867,0.0075376884422109,11.08928571428571,483.62,0.13,22.54,52137.9,141.60089034554477,52434.45,0,0,0,1,0,0,1,0,0.008383647878350442
2011-02-28,52434.45,143.78904769077258,0.007,162469.7,633.73,300.832209464286,317.600651403509,512.052467684211,-0.0024875621890546,11.071875,541.3,0.16,17.77,52374.52380952381,145.58908301483615,52189.89473684211,0,0,0,1,0,0,1,0,0.0041959382317890755
2011-03-31,52189.89473684211,144.64957281366986,0.008,164307.6315789474,456.51,310.307111645963,285.375811111111,498.739813173913,-0.004950495049505,11.16118421052632,566.13,0.2,17.42,52434.45,143.78904769077258,51641.57894736842,0,0,0,1,0,0,1,0,3.321040121710897e-05
2011-04-30,51641.57894736842,144.93652854787027,0.008,167793.1578947369,1509.97,296.299496428571,307.254408421053,501.468831675,-0.0073891625615761,11.17763157894737,533.05,0.2,31.93,52189.89473684211,144.64957281366986,51982.90476190476,0,1,0,1,1,0,2,0,-0.004942406600045224
2011-05-31,51982.90476190476,147.3803612115784,0.007,171579.3333333333,1443.04,274.846376020408,307.19455031746,498.76510775,-0.0049019607843138,11.22619047619048,581.45,0.18,29.92,51641.57894736842,144.93652854787027,52079.66666666666,0,1,0,1,1,0,2,0,-0.005747206131798291
2011-06-30,52079.66666666666,146.95904758397884,0.007,176953.6190476191,1112.43,274.278348928571,285.29787,499.772775886364,0.0097799511002445,11.27678571428571,604.68,0.18,25.57,51982.90476190476,147.3803612115784,51850.47619047619,0,1,0,1,1,0,2,0,-0.0008370574152151237
2011-07-31,51850.47619047619,147.34201577959055,0.008,186289.1904761905,367.06,258.51794047619,271.462209333333,501.82708275,0.0024213075060532,11.63095238095238,593.19,0.19,24.75,52079.66666666666,146.95904758397884,50465.40909090909,0,1,0,1,1,0,3,0,0.0024330992739946427
2011-08-31,50465.40909090909,147.01855193189326,0.008,189070.4090909091,657.4,272.920145535714,288.688308333333,501.423700826087,-0.0047961630695442,12.36363636363636,719.04,0.19,22.52,51850.47619047619,147.34201577959055,49380.63636363636,0,0,0,1,0,0,3,0,0.002468365178917843
2011-09-30,49380.63636363636,148.34562559037465,0.008,190643.9090909091,829.68,279.514321428571,272.340557936508,490.90895475,0.0023809523809523,13.0625,873.5,0.19,20.37,50465.40909090909,147.01855193189326,48001.35,0,0,0,1,0,0,3,0,2.032272487109601e-06
2011-10-31,48001.35,147.3207526371096,0.006,191981.8,1132.4,280.715051964286,251.589134761905,446.016027,0.0213270142180095,17.64375,907.57,0.19,20.1,49380.63636363636,148.34562559037465,46492.71428571428,1,0,0,1,0,0,4,0,0.006303934509805876
2011-11-30,46492.71428571428,147.2196165764839,0.006,196006.57142857136,263.41,274.219296607143,244.53785015873,428.8252245,0.0046948356807512,19.94047619047619,895.59,0.18,17.57,48001.35,147.3207526371096,45914.73684210526,1,0,0,1,0,0,4,0,0.009467600759904342
2011-12-31,45914.73684210526,147.66707177952043,0.008,210825.7894736842,318.86,268.884903571429,236.0596865,420.04610475,0.0023310023310023,18.766447368421048,926.45,0.17,17.32,46492.71428571428,147.2196165764839,46557.428571428565,1,0,0,1,0,0,4,1,0.009450950743254343
2012-01-31,46557.428571428565,147.82991575104896,0.009,220489.6666666667,35.53,267.328921768707,243.702369166667,441.7327614,0.0092592592592593,15.93452380952381,856.27,0.16,17.43,45914.73684210526,147.66707177952043,46795.66666666666,1,0,0,0,0,0,1,0,0.005428365757004276
2012-02-29,46795.66666666666,144.76775741913255,0.007,208812.4444444444,1279.54,332.99885255102,245.9804765,461.55598755,0.0183908045977012,14.201388888888888,821.76,0.14,20.72,46557.428571428565,147.82991575104896,47177.77272727273,1,0,0,0,0,0,1,0,0.009993688729320943
2012-03-31,47177.77272727273,145.5621051082838,0.009,216259.7272727273,1053.46,332.233495341615,243.493598333333,496.290475227273,0.0183486238532111,12.87784090909091,823.23,0.1,16.24,46795.66666666666,144.76775741913255,47468.23529411765,1,0,0,0,0,0,1,0,0.015332895903390542
2012-04-30,47468.23529411765,141.75730453321538,0.008,220425.705882353,1945.14,320.705905639098,228.086310833333,529.42160145,0.0704545454545453,12.180147058823533,967.05,0.09,16.91,47177.77272727273,145.5621051082838,47407.28571428572,1,1,0,0,1,0,2,0,0.035731324635152543
2012-05-31,47407.28571428572,140.21291861325938,0.008,223677.6190476191,1093.73,321.382417321428,228.87964,520.925455909091,0.0651685393258427,11.696428571428568,1093.09,0.09,19.15,47468.23529411765,141.75730453321538,46600.7,1,1,0,0,1,0,2,0,0.05132390287786637
2012-06-30,46600.7,140.7631759100937,0.007,236778.45,788.67,321.596870488722,241.965793492064,522.3291925,0.0622222222222221,12.121875,1128.62,0.07,19.23,47407.28571428572,140.21291861325938,46650.04761904762,1,1,0,0,1,0,2,0,0.0659484356675367
2012-07-31,46650.04761904762,144.90553597305407,0.008,252155.7142857143,1310.24,308.75040056391,310.746438095238,609.4467555,0.0483516483516484,13.196428571428568,1089.64,0.1,35.03,46600.7,140.7631759100937,45256.63636363636,1,1,0,0,1,0,3,0,0.058580803299904415
2012-08-31,45256.63636363636,145.0016877578767,0.009,258124.3636363636,1174.67,303.36021122449,315.548219130435,622.913549771739,0.0347071583514098,13.94602272727273,1039.09,0.08,36.53,46650.04761904762,144.90553597305407,45228.0,1,0,0,0,0,0,3,0,0.04842700964176011
2012-09-30,45228.0,146.2272811486395,0.009,261892.6842105263,948.5,302.61034047619,316.653051578947,615.18139725,0.0642398286937901,14.2796052631579,923.3,0.07,32.83,45256.63636363636,145.0016877578767,45062.22727272727,1,0,0,0,0,0,3,0,0.04909954513228278
2012-10-31,45062.22727272727,147.1190327347634,0.008,265125.8636363636,632.6,309.579205075188,318.407834927536,565.525481804348,0.1585623678646934,14.92897727272727,892.52,0.08,31.94,45228.0,146.2272811486395,45314.9,1,0,0,0,0,0,4,0,0.08583645163663112
2012-11-30,45314.9,146.97150379867185,0.009,271626.2,869.96,279.764846428571,319.459936190476,533.028608,0.2395833333333334,15.28125,1195.45,0.07,25.05,45062.22727272727,147.1190327347634,44273.05263157896,1,0,0,0,0,0,4,0,0.15412850996393898
2012-12-31,44273.05263157896,149.05235451208603,0.01,293100.8421052631,876.14,295.368975,303.038556140351,534.7907746125,0.2827868852459016,15.38815789473684,1036.95,0.08,20.23,45314.9,146.97150379867185,42954.71428571428,1,0,0,0,0,0,4,1,0.22697752881464284
2013-01-31,42954.71428571428,145.82482167928288,0.011,298198.8571428572,24.81,297.111913214286,288.210322539683,526.047305,0.2747474747474745,15.139880952380953,1058.23,0.1,18.42,44273.05263157896,149.05235451208603,42152.88235294117,1,0,0,0,0,0,1,0,0.2657058977755699
2013-02-28,42152.88235294117,148.51076874974044,0.005,292117.7647058823,-268.88,279.013271428571,271.678588703704,536.375830144737,0.2634730538922156,14.76470588235294,1113.65,0.13,16.17,42954.71428571428,145.82482167928288,41230.21052631579,1,0,0,0,0,0,1,0,0.27366913796186393
2013-03-31,41230.21052631579,148.55531684173067,0.007,296306.9473684212,540.77,234.938766071429,263.341859,536.081397075,0.2322834645669291,14.851973684210527,1206.75,0.14,17.82,42152.88235294117,148.51076874974044,40035.45,1,0,0,0,0,0,1,0,0.2568346644022064
2013-04-30,40035.45,148.53261101268492,0.007,297258.15,701.93,207.490173392857,264.170261666667,517.789715147727,0.2286821705426356,15.13125,1222.95,0.16,21.0,41230.21052631579,148.55531684173067,38977.045454545456,1,1,0,0,1,0,2,0,0.24147956300059348
2013-05-31,38977.045454545456,148.20151517208623,0.007,301077.1363636364,1365.16,201.779992857143,276.045146666667,542.199223125,0.2347328244274808,15.79829545454546,1172.87,0.16,21.13,40035.45,148.53261101268492,38264.944444444445,1,1,0,0,1,0,2,0,0.23189948651234857
2013-06-30,38264.944444444445,148.9897782421261,0.008,311360.6666666667,840.59,199.182444172932,266.850879166667,560.1577065,0.3339587242026267,16.57291666666667,1203.85,0.16,17.57,38977.045454545456,148.20151517208623,37301.63636363636,1,1,0,0,1,0,2,0,0.26579123972424773
2013-07-31,37301.63636363636,148.17129339454604,0.009,323030.8636363636,-57.5,197.553448639456,257.472893333333,548.349617454545,0.4172794117647058,17.28409090909091,1140.83,0.13,15.69,38264.944444444445,148.9897782421261,36993.80952380953,1,1,0,0,1,0,3,0,0.3286569867982711
2013-08-31,36993.80952380953,150.2104583901368,0.008,326941.09523809527,125.64,198.771988605442,258.925938333333,498.048327238636,0.4444444444444444,17.72321428571428,1067.55,0.14,15.28,37301.63636363636,148.17129339454604,35641.28571428572,1,0,0,0,0,0,3,0,0.398560860137259
2013-09-30,35641.28571428572,150.2899529658492,0.008,329909.8095238096,515.88,209.356019548872,257.499616,503.2371222375,0.5209059233449477,18.110119047619047,1068.67,0.16,16.28,36993.80952380953,150.2104583901368,34221.22727272727,1,0,0,0,0,0,3,0,0.46087659318469926
2013-10-31,34221.22727272727,149.08002028520949,0.009,334633.8181818182,-803.98,222.392917176871,278.149556666667,472.827516913043,0.577777777777778,18.80681818181818,926.48,0.16,16.7,35641.28571428572,150.2899529658492,32206.89473684211,1,0,0,0,0,0,4,0,0.51437604852239
2013-11-30,32206.89473684211,148.2515919746169,0.009,338016.7368421053,-1002.08,222.430410714286,259.777723333333,476.6622412125,0.394342762063228,19.09539473684211,818.67,0.16,17.31,34221.22727272727,149.08002028520949,30589.15789473684,1,0,0,0,0,0,4,0,0.4976754877286513
2013-12-31,30589.15789473684,147.40918128807644,0.014,361409.6842105263,-461.15,216.975101020408,246.112578730159,488.66933875,0.3417721518987342,20.24013157894737,803.67,0.14,13.51,32206.89473684211,148.2515919746169,29507.54545454546,1,0,0,0,0,0,4,1,0.4379642305799134
2014-01-31,29507.54545454546,145.65897951129102,0.036,367683.9545454545,-1374.0,202.633822959184,229.980359365079,476.1021185,0.267605633802817,21.92897727272727,932.0,0.15,14.07,30589.15789473684,147.40918128807644,27666.05,1,0,0,0,0,0,1,0,0.33457351592159307
2014-02-28,27666.05,146.8649742224261,0.034,346347.45,-889.0,182.29451625,242.798281578947,496.798997486842,0.1895674300254452,25.621875,969.85,0.14,13.03,29507.54545454546,145.65897951129102,27310.55555555555,1,0,0,0,0,0,1,0,0.26631507190899883
2014-03-31,27310.55555555555,145.52979058079464,0.026,351947.33333333326,-477.0,176.482080612245,275.612493968254,522.00112375,0.2295081967213115,26.23611111111111,879.95,0.15,13.97,27666.05,146.8649742224261,27686.05263157895,1,0,0,0,0,0,1,0,0.2288937535165246
2014-04-30,27686.05263157895,144.92218062730836,0.018,353400.4210526316,823.0,163.134381292517,276.382361269841,547.18805525,0.23625,26.28289473684211,787.67,0.11,13.49,27310.55555555555,145.52979058079464,28403.7,1,1,0,0,1,0,2,0,0.21844187558225228
2014-05-31,28403.7,145.18443319454315,0.014,353714.55,1402.0,163.378089285714,287.912873809524,546.03325325,0.1977611940298509,24.684375,799.55,0.09,17.27,27686.05263157895,144.92218062730836,28862.25,1,1,0,0,1,0,2,0,0.2211731302503875
2014-06-30,28862.25,144.5455264588566,0.013,367175.75,1356.0,178.708535084034,261.649900634921,528.00259475,0.3288177339901479,23.08125,763.0,0.09,13.97,28403.7,145.18443319454315,29480.40909090909,1,1,0,0,1,0,2,0,0.2542763093399996
2014-07-31,29480.40909090909,144.0343855291375,0.014,383292.3636363636,272.0,178.712946088435,238.549905,463.233671488636,0.495098039215686,22.01420454545455,652.3,0.08,14.21,28862.25,144.5455264588566,28856.2,1,1,0,0,1,0,3,0,0.34055898907856164
2014-08-31,28856.2,143.57128216446714,0.013,390848.35,776.0,174.794871428571,229.158001111111,432.98513625,0.330528846153846,21.19375,760.76,0.08,14.69,29480.40909090909,144.0343855291375,28290.68181818182,1,0,0,0,0,0,3,0,0.3848148731198933
2014-09-30,28290.68181818182,143.58020122808398,0.014,395684.8636363636,41.0,173.758865789474,211.171101428571,368.84988275,0.2541567695961997,20.30397727272727,722.77,0.09,15.41,28856.2,143.57128216446714,27586.36363636364,1,0,0,0,0,0,3,0,0.35992788498857725
2014-10-31,27586.36363636364,143.83842506003947,0.012,400749.68181818177,300.0,174.293821428571,210.724928333333,354.440913065217,0.3266509433962263,20.00852272727273,759.83,0.08,12.92,28290.68181818182,143.58020122808398,28497.888888888887,1,0,0,0,0,0,4,0,0.30377885304875735
2014-11-30,28497.888888888887,144.78065786134843,0.011,408524.2222222221,238.0,172.151577040816,215.987918235294,379.344859618421,0.4042303172737955,19.80208333333333,674.4,0.09,14.19,27586.36363636364,143.83842506003947,30119.36842105263,1,0,0,0,0,0,4,0,0.32834601008874054
2014-12-31,30119.36842105263,144.74098224833727,0.01,442969.6842105263,202.0,166.350389464286,234.858836666667,378.781617375,0.4350877192982454,20.00986842105263,745.32,0.07,14.24,28497.888888888887,144.78065786134843,31272.04761904761,1,0,0,0,0,0,4,1,0.3886563266560891
2015-01-31,31272.04761904761,144.09596572810216,0.011,453011.4285714286,-567.0,166.813860714286,213.0214075,367.49211555,0.5348837209302326,20.23214285714286,731.67,0.07,15.47,30119.36842105263,144.74098224833727,31342.94444444445,1,0,0,1,0,0,1,0,0.45806725250075786
2015-02-28,31342.94444444445,147.82319749145358,0.009,450330.8888888889,-213.0,179.608530357143,201.74206877193,364.739238868421,0.663981588032221,20.66319444444444,685.15,0.08,14.84,31272.04761904761,144.09596572810216,31431.2,1,0,0,1,0,0,1,0,0.544651009420233
2015-03-31,31431.2,147.59503720802002,0.013,453198.1,-678.0,162.74069914966,202.691426666667,359.595560386364,0.7255125284738042,20.903125,593.14,0.09,14.2,31342.94444444445,147.82319749145358,31998.8,1,0,0,1,0,0,1,0,0.6414592791454193
2015-04-30,31998.8,149.7335539632644,0.011,456458.65,222.0,166.077623979592,195.931228253968,356.92567725,0.5636978579481396,20.815625,604.36,0.09,12.48,31431.2,147.59503720802002,33805.73684210526,1,1,0,1,1,0,2,0,0.6510639914847216
2015-05-31,33805.73684210526,150.01705953183628,0.01,468573.1052631579,203.0,171.448573214286,193.216571166667,351.94953045,0.4614525139664806,20.25986842105263,595.24,0.1,11.54,31998.8,149.7335539632644,33676.40909090909,1,1,0,1,1,0,2,0,0.5835543001294748
2015-06-30,33676.40909090909,150.99375249145584,0.01,487909.9545454545,339.0,166.09242406015,199.835441666667,354.823054806818,0.5088495575221241,20.47727272727273,593.23,0.09,12.3,33805.73684210526,150.01705953183628,33875.0,1,1,0,1,1,0,2,0,0.5113333098122482
2015-07-31,33875.0,150.63638216778267,0.013,517334.8636363636,-232.0,164.004401785714,199.21748,372.347294454545,0.4518599562363236,20.74431818181818,603.78,0.09,13.49,33676.40909090909,150.99375249145584,33712.95,1,1,0,1,1,0,3,0,0.47405400924164276
2015-08-31,33712.95,150.3068395130391,0.012,527233.85,-469.0,161.098876879699,173.517591587302,347.02237525,0.3917748917748917,20.978125,589.95,0.09,13.47,33875.0,150.63638216778267,33433.09090909091,1,0,0,1,0,0,3,0,0.4508281351777798
2015-09-30,33433.09090909091,148.9139295089438,0.012,532933.4090909091,-325.0,159.716845357143,164.06922015873,323.554524,0.3482905982905983,21.18465909090909,561.41,0.09,18.06,33712.95,150.3068395130391,27916.90476190476,1,0,0,1,0,0,3,0,0.39730848210060454
2015-10-31,27916.90476190476,149.21141441228775,0.011,544292.7142857143,-25.0,159.226532142857,165.451481904762,327.419770363636,0.3308746048472075,21.60119047619047,555.82,0.09,13.41,33433.09090909091,148.9139295089438,26175.05263157895,1,0,0,1,0,0,4,0,0.3569800316375658
2015-11-30,26175.05263157895,148.46475854736758,0.02,560081.4210526316,-701.0,164.465401870748,157.804378947368,319.0822908,0.3478712357217028,23.42763157894737,486.05,0.12,16.29,27916.90476190476,149.21141441228775,24823.85,1,0,0,1,0,0,4,0,0.3423454796198362
2015-12-31,24823.85,146.90705209847704,0.039,622699.6,-975.0,169.002119897959,163.893455,323.315332056818,0.2388451443569554,27.34375,478.14,0.11,19.12,26175.05263157895,148.46475854736758,25750.4,0,0,0,1,0,0,4,1,0.3058636616419553
2016-01-31,25750.4,148.00879022485478,0.041,601463.15,-249.0,179.912739285714,164.611626666667,323.204353776316,0.1112737920937041,26.3125,486.5,0.11,15.9,24823.85,146.90705209847704,29365.84210526316,0,0,0,0,0,0,1,0,0.23266339072412076
2016-02-29,29365.84210526316,147.08049138503762,0.027,563841.2105263158,46.0,161.823044821429,159.283795,320.12948625,0.0573936529372045,26.22368421052632,471.24,0.11,14.81,25750.4,148.00879022485478,28764.952380952385,0,0,0,0,0,0,1,0,0.13583752979595468
2016-03-31,28764.952380952385,146.0946673671704,0.03,584929.0476190476,-130.0,150.21541242236,164.060471666667,326.935421590909,0.0641711229946524,29.735119047619047,450.09,0.12,13.49,29365.84210526316,147.08049138503762,30937.2380952381,0,0,0,0,0,0,1,0,0.07761285600852033
2016-04-30,30937.2380952381,144.96699532475387,0.034,582016.619047619,320.0,148.51190170068,163.386837777778,353.80246275,0.0645385149201942,30.69642857142857,434.24,0.12,13.34,28764.952380952385,146.0946673671704,31563.09523809524,0,1,0,0,1,0,2,0,0.062034430284017034
2016-05-31,31563.09523809524,144.54645186322165,0.042,585480.2380952381,503.0,152.617444047619,157.560342063492,388.5121365,0.0304101838755304,30.96428571428572,545.68,0.13,14.34,30937.2380952381,144.96699532475387,31375.2,0,1,0,0,1,0,2,0,0.05303994059679234
2016-06-30,31375.2,144.21999980992533,0.031,619259.75,259.0,151.331415714286,156.695036666667,421.228941715909,0.0162659123055162,28.946875,521.45,0.13,14.35,31563.09523809524,144.54645186322165,33360.1,0,1,0,0,1,0,2,0,0.03707153703374693
2016-07-31,33360.1,144.4305955635188,0.02,670619.7,278.0,152.729924659864,133.710203,390.4018125,-0.0026827632461435,26.01875,511.95,0.14,19.43,31375.2,144.21999980992533,32144.63636363636,0,1,0,0,1,0,3,0,0.014664444311634365
2016-08-31,32144.63636363636,145.51914471852302,0.002,676634.8636363636,595.0,160.012106964286,127.899911014493,370.316587793478,0.0478114478114479,24.84375,489.09,0.14,24.38,33360.1,144.4305955635188,30853.5,0,0,0,0,0,0,3,0,0.020464865623606866
2016-09-30,30853.5,144.9303198799002,0.011,680829.0454545454,242.0,162.962535912698,123.248756190476,355.90210275,-0.0139072847682119,23.05397727272727,447.0,0.12,16.79,32144.63636363636,145.51914471852302,37013.75,0,0,0,0,0,0,3,0,0.010407133265697501
2016-10-31,37013.75,145.01114536960085,0.024,693354.5,-54.0,158.979119254658,122.558500166667,358.38667675,-0.0362318840579709,22.090625,448.29,0.12,16.21,30853.5,144.9303198799002,37702.28571428572,0,0,0,0,0,0,4,0,-0.0007759070049116329
2016-11-30,37702.28571428572,145.6951942408422,0.016,719942.1904761905,125.0,156.540452067669,122.549797719298,368.3730895,-0.0501955671447196,21.09821428571428,477.95,0.24,18.03,37013.75,145.01114536960085,37885.6,0,0,0,0,0,0,4,0,-0.0334449119903008
2016-12-31,37885.6,147.06755778494914,0.012,790974.9,33.0,158.600219642857,122.846325555556,375.28877875,-0.0360075805432722,20.028125,493.32,0.34,23.72,37702.28571428572,145.6951942408422,41108.95454545454,0,0,0,0,0,0,4,1,-0.040811677248654234
2017-01-31,41108.95454545454,147.2604210266333,0.013,816861.909090909,-53.0,157.973907142857,137.145735833333,379.589978775,-0.032683846637335,19.76704545454545,466.09,0.38,22.52,37885.6,147.06755778494914,48234.66666666666,0,0,0,0,0,0,1,0,-0.03962899810844227
2017-02-28,48234.66666666666,146.9008639499189,0.025,829893.388888889,-218.0,157.610645892857,147.361442105263,380.872623986842,-0.0057692307692307,20.0625,454.65,0.36,15.85,41108.95454545454,147.2604210266333,51465.36363636364,0,0,0,0,0,0,1,0,-0.02482021931661263
2017-03-31,51465.36363636364,147.7842176800391,0.024,789794.7272727274,-911.0,148.543430357143,146.43149942029,366.095056173913,0.0057989690721649,19.5,452.17,0.37,14.3,48234.66666666666,146.9008639499189,50115.38888888889,0,0,0,0,0,0,1,0,-0.0108847027781336
2017-04-30,50115.38888888889,147.61007500510655,0.026,795641.611111111,-106.0,147.315857857143,138.407590701754,347.861310355263,0.0143229166666667,19.24652777777777,432.0,0.37,14.85,51465.36363636364,147.7842176800391,47722.23809523808,0,1,0,0,1,0,2,0,0.0047842183232003005
2017-05-31,47722.23809523808,148.50355632425217,0.013,784815.3333333333,-571.0,148.722376785714,146.440213333333,350.179987261364,0.0464968152866243,19.63392857142857,412.13,0.38,17.77,50115.38888888889,147.61007500510655,45486.71428571428,0,1,0,0,1,0,2,0,0.022206233675151964
2017-06-30,45486.71428571428,150.15143565641074,0.012,813702.2380952381,-746.0,148.792165892857,157.246191666667,339.728909863636,0.0471464019851115,19.80952380952381,410.05,0.39,13.16,47722.23809523808,148.50355632425217,47894.90476190476,0,1,0,0,1,0,2,0,0.035988711312800827
2017-07-31,47894.90476190476,150.43418354065443,0.017,852738.4761904762,-745.0,149.0874275,174.532416666667,365.4528402,-0.0396039603960397,20.16071428571428,435.7,0.4,12.4,45486.71428571428,150.15143565641074,48267.95454545454,0,1,0,0,1,0,3,0,0.01801308562523203
2017-08-31,48267.95454545454,150.4077207914009,0.014,860633.8636363635,-1052.0,155.916875340136,139.050815072464,345.410749402174,-0.0769230769230771,20.80681818181818,420.17,0.4,14.22,47894.90476190476,150.43418354065443,50893.19047619047,0,0,0,0,0,0,3,0,-0.02312687844466843
2017-09-30,50893.19047619047,151.25387094792785,0.019,875092.7619047619,-698.0,163.460969736842,138.413392333333,353.86020285,-0.0765217391304348,21.32738095238095,378.9,0.4,14.59,48267.95454545454,150.4077207914009,51631.619047619046,0,0,0,0,0,0,3,0,-0.06434959214985053
2017-10-31,51631.619047619046,151.75184730246647,0.015,888307.4285714285,-927.0,172.076589965986,133.344516031746,358.276127522727,-0.0750716332378222,21.64583333333333,354.05,0.41,15.24,50893.19047619047,151.25387094792785,54033.5,0,0,0,0,0,0,4,0,-0.07617214976377802
2017-11-30,54033.5,152.53677548622022,0.014,906064.9,-1494.0,175.600982482993,138.045955666667,361.4092835,-0.0537449971412233,22.59375,370.09,0.54,12.47,51631.619047619046,151.75184730246647,55599.57894736842,0,0,0,0,0,0,4,0,-0.06844612316982678
2017-12-31,55599.57894736842,152.2317363730293,0.031,982797.6842105264,-787.0,179.179058928571,147.1032695,357.1533569625,0.0005649717514124,23.27302631578947,356.2,0.65,11.61,54033.5,152.53677548622022,60661.09090909091,0,0,0,0,0,0,4,1,-0.0427505528758777
2018-01-31,60661.09090909091,150.73505851150057,0.018,1026718.5909090912,-933.0,165.140285544218,156.388044126984,356.868812,-0.0399369416710457,22.96590909090909,364.55,0.66,11.53,55599.57894736842,152.2317363730293,62264.777777777774,0,0,1,0,0,0,1,0,-0.03103898902028553
2018-02-28,62264.777777777774,151.8856718723988,0.024,1024489.5,-892.0,156.55426547619,172.289119122807,371.232237434211,-0.094758064516129,22.78125,399.26,0.79,11.9,60661.09090909091,150.73505851150057,61786.55,0,0,1,0,0,0,1,0,-0.044710011478587434
2018-03-31,61786.55,151.3046346593278,0.023,1024145.45,-562.0,162.522258540373,180.918815873016,381.89389625,-0.1136363636363635,22.8125,411.0,0.9,13.14,62264.777777777774,151.8856718723988,61044.63157894737,0,0,1,0,0,0,1,0,-0.08277712327451274
2018-04-30,61044.63157894737,146.8237505948231,0.027,1024598.0,-890.0,154.945003383459,180.376409365079,381.2683785,-0.1077075098814229,22.81578947368421,408.67,0.91,10.86,61786.55,151.3046346593278,53896.23809523808,0,1,1,0,0,0,2,0,-0.1053673126779718
2018-05-31,53896.23809523808,144.71362148421386,0.021,1026253.047619048,-1285.0,160.365565062112,192.70383,374.848371306818,-0.2374313476975074,28.28571428571428,470.52,1.04,10.51,61044.63157894737,146.8237505948231,53361.2,0,1,1,0,0,0,2,0,-0.15292507373843126
2018-06-30,53361.2,143.45758234215486,0.037,1067037.2,-328.0,160.878207678571,193.07921984127,339.9579615,-0.2664907651715039,30.565625,530.95,1.15,10.26,53896.23809523808,144.71362148421386,60010.90476190476,0,1,1,0,0,1,2,0,-0.2038765409168114
2018-07-31,60010.90476190476,143.85393489559368,0.031,1113215.571428571,-767.0,167.489880555556,196.806077460317,312.56203375,-0.2761491132826637,34.52083333333334,574.64,1.16,11.98,53361.2,143.45758234215486,55854.27272727273,0,1,1,0,0,0,3,0,-0.2600237420505583
2018-08-31,55854.27272727273,146.6806318491126,0.039,1197267.318181818,-1112.0,166.846241496599,211.29205884058,316.658804152174,-0.3147410358565737,35.16761363636363,670.0,1.15,10.44,60010.90476190476,143.85393489559368,50208.8,0,0,1,0,0,0,3,0,-0.28579363810358044
2018-09-30,50208.8,143.21163202009444,0.065,1275411.65,337.0,169.656283458647,191.144421754386,306.432788605263,-0.4667012179321068,41.85625,672.7,1.15,10.13,55854.27272727273,146.6806318491126,49110.95454545454,0,0,1,0,0,0,3,0,-0.35253045569044805
2018-10-31,49110.95454545454,143.50447782060883,0.054,1251676.0454545447,325.0,166.321331972789,188.461606666667,315.852040304348,-0.3407866379310344,50.49147727272727,658.61,1.16,10.54,50208.8,143.21163202009444,52578.0,0,0,1,0,0,1,4,0,-0.374076297239905
2018-11-30,52578.0,141.5928137138015,0.032,1259749.315789474,987.0,161.653386564626,181.552390877193,322.28161725,-0.2534284147010422,51.36513157894737,655.36,1.3,10.26,49110.95454545454,143.50447782060883,55628.11111111111,0,0,1,0,0,0,4,0,-0.35363875685472784
2018-12-31,55628.11111111111,142.03281576361033,0.026,1327551.166666667,1419.0,171.180153571429,188.535836296296,330.482023725,-0.2420163631565057,48.63541666666666,771.15,1.41,11.06,52578.0,141.5928137138015,66196.68181818182,0,0,1,0,0,0,4,1,-0.27874380526286074
2019-01-31,66196.68181818182,141.75768738344132,0.029,1346581.2272727273,373.0,195.167922321429,188.84494968254,333.77714625,-0.2125100240577384,45.8125,699.64,1.42,22.46,55628.11111111111,142.03281576361033,67010.5,0,0,0,1,0,0,1,0,-0.23598493397176212
2019-02-28,67010.5,144.2107930277922,0.038,1342322.1,450.0,189.486373214286,177.916701754386,334.503041526316,-0.0059880239520957,37.584375,679.85,1.51,19.02,66196.68181818182,141.75768738344132,67955.0,0,0,0,1,0,0,1,0,-0.15350480372211325
2019-03-31,67955.0,142.56982226892956,0.047,1300799.578947368,1181.0,163.628614285714,164.506644761905,329.23667475,-0.0865570599613152,41.67434210526316,748.38,1.69,18.27,67010.5,144.2107930277922,72446.0,0,0,0,1,0,0,1,0,-0.1016850359903831
2019-04-30,72446.0,142.56756072086398,0.034,1327306.473684211,1165.0,157.374436607143,159.030088730159,324.254404,-0.1741845940319221,48.70723684210526,838.76,1.7,14.12,67955.0,142.56982226892956,67411.68181818182,0,1,0,1,1,0,2,0,-0.08890989264844433
2019-05-31,67411.68181818182,144.6235325958493,0.031,1341852.2727272727,1399.0,167.297794099379,158.281695,305.310919056818,-0.1695971511239705,52.58806818181818,923.91,1.82,13.68,72446.0,142.56756072086398,64428.38888888889,0,1,0,1,1,0,2,0,-0.1434462683724026
2019-06-30,64428.38888888889,143.72617868885578,0.027,1345330.5,1068.0,166.361785526316,174.697763166667,326.6147493,-0.0970541219456496,50.89583333333334,882.75,1.91,13.15,67411.68181818182,144.6235325958493,66401.09523809524,0,1,0,1,1,0,2,0,-0.14694528903384738
2019-07-31,66401.09523809524,145.51252092261865,0.022,1382244.285714286,951.0,167.059017321429,163.876753333333,325.469849011364,-0.1022326674500586,48.625,789.91,1.91,12.55,64428.38888888889,143.72617868885578,62213.71428571428,0,1,0,1,1,0,3,0,-0.12296131350655957
2019-08-31,62213.71428571428,144.59928754626793,0.04,1323978.6190476187,1168.0,171.814135204082,149.363005,314.626282090909,-0.2313673430684619,55.44345238095238,1568.36,1.95,12.91,66401.09523809524,145.51252092261865,50234.71428571428,0,0,0,1,0,0,3,0,-0.1435513774880567
2019-09-30,50234.71428571428,140.4698835539265,0.059,1349048.666666667,1744.0,168.744598496241,146.570486333333,322.453525275,-0.2210619469026549,59.95238095238095,2186.71,2.19,19.35,62213.71428571428,144.59928754626793,46590.22727272727,1,0,0,1,0,0,3,0,-0.1848873191403918
2019-10-31,46590.22727272727,143.73042913978404,0.033,1385458.9090909087,1768.0,162.179148214286,153.22109,339.87123723913,-0.2130531351443704,55.122159090909086,2098.61,2.2,19.39,50234.71428571428,140.4698835539265,43501.73684210526,1,0,0,1,0,0,4,0,-0.22182747503849573
2019-11-30,43501.73684210526,140.86390267552525,0.043,1580776.894736842,2484.0,147.012160204082,157.528264259259,332.9576305125,-0.2430532306662203,45.98684210526316,2336.43,2.27,24.95,46590.22727272727,143.73042913978404,44249.26315789474,1,0,0,1,0,0,4,0,-0.2257227709044152
2019-12-31,44249.26315789474,140.15402871376764,0.037,1715624.684210526,2241.0,143.98924375,165.254640833333,334.94944525,-0.2687040748162993,41.95394736842105,2045.48,2.4,19.57,43501.73684210526,140.86390267552525,45196.5,1,0,0,1,0,0,4,1,-0.24160348020896336
2020-01-31,45196.5,140.58220829856657,0.023,1689904.818181818,1044.0,148.042380357143,178.241777301587,337.079705,-0.1188135310781536,36.15056818181818,1927.73,2.4,15.23,44249.26315789474,140.15402871376764,44713.277777777774,1,0,0,0,0,0,1,0,-0.21019027885355776
2020-02-29,44713.277777777774,139.33855686261384,0.02,1870607.388888889,1187.0,152.587619642857,172.231102807018,325.428314565789,-0.0058679706601466,33.58680555555556,2017.84,2.41,14.49,45196.5,140.58220829856657,44348.47368421053,1,0,0,0,0,0,1,0,-0.13112852551819984
2020-03-31,44348.47368421053,125.95928630440235,0.033,1920231.105263158,1229.0,149.392999829932,170.874751666667,319.336156363636,-0.0071292775665398,29.56578947368421,3375.82,2.42,12.95,44713.277777777774,139.33855686261384,43724.85,1,0,0,0,0,0,1,0,-0.04393692643494667
2020-04-30,43724.85,106.14785723402336,0.015,2147120.7,1455.0,166.602533503401,179.746517936508,309.994349,0.0249391727493917,19.984375,3803.14,2.39,16.72,44348.47368421053,125.95928630440235,43074.31578947369,1,1,0,0,1,0,2,0,0.003980641507568434
2020-05-31,43074.31578947369,117.6089922372478,0.015,2221676.421052631,1912.0,186.7663875,174.954968833333,309.3314314125,0.0156503764949063,23.4375,2993.52,2.38,15.84,43724.85,106.14785723402336,43036.95238095238,1,1,0,0,1,0,2,0,0.011153423892586068
2020-06-30,43036.95238095238,124.7488081069742,0.022,2159027.80952381,1487.0,190.625037593985,169.722336666667,318.643036568182,0.107117181883537,29.53571428571428,2539.18,2.4,13.31,43074.31578947369,117.6089922372478,43325.38095238096,1,1,0,0,1,0,2,0,0.04923557704261167
2020-07-31,43325.38095238096,126.18657363141573,0.019,2315228.0,1480.0,199.184417517007,170.574121666667,328.935447988636,0.0906547285954111,29.532738095238088,2330.52,2.13,18.98,43036.95238095238,124.7488081069742,43152.65,1,1,0,0,1,0,3,0,0.07114076232461813
2020-08-31,43152.65,128.88075803061074,0.027,2333886.65,1447.0,231.754461466165,174.182476984127,332.14117675,0.1030013642564802,29.653125,2117.48,2.04,15.56,43325.38095238096,126.18657363141573,42344.68181818182,1,0,0,0,0,0,3,0,0.10025775824514277
2020-09-30,42344.68181818182,130.6844846760503,0.028,2317896.727272727,598.0,245.554056578947,204.137313809524,366.824605,0.2598404255319148,29.74431818181818,1532.82,1.83,15.47,43152.65,128.88075803061074,40710.33333333334,1,0,0,0,0,0,3,0,0.15116550612793536
2020-10-31,40710.33333333334,133.32696920181647,0.038,2324654.571428571,670.0,245.760356832298,203.4263,387.575052852273,0.6160886940827641,30.69642857142857,1406.32,1.55,12.52,42344.68181818182,130.6844846760503,39160.73684210526,1,0,0,0,0,0,4,0,0.32631016129038637
2020-11-30,39160.73684210526,134.7059258109409,0.032,2345522.47368421,385.0,268.622448809524,210.753936491228,419.585496225,0.569748529963718,32.940789473684205,1376.76,1.55,13.76,40710.33333333334,133.32696920181647,38876.72222222222,1,0,0,0,0,0,4,0,0.48189254985946567
2020-12-31,38876.72222222222,136.8431161358616,0.04,2433023.611111111,-364.0,304.297549659864,217.312542857143,443.655124977273,0.5542110358180056,34.21527777777778,1391.64,1.55,13.94,39160.73684210526,134.7059258109409,39641.1,1,0,0,0,0,0,4,1,0.580016086621496
2021-01-31,39641.1,139.58520930965972,0.04,2603551.55,1068.0,292.523726785714,237.944249824561,504.312117197368,0.549959288123764,34.121875,1423.55,1.58,19.63,38876.72222222222,136.8431161358616,39380.66666666666,1,0,0,0,0,0,1,0,0.5579729513018292
2021-02-28,39380.66666666666,138.03022073960275,0.036,2592889.277777778,1062.0,278.445755612245,240.806388070175,507.817272789474,0.5117275597654487,34.10069444444444,1473.45,0.65,57.74,39641.1,139.58520930965972,39707.86363636364,1,0,0,0,0,0,1,0,0.5386326279024062
2021-03-31,39707.86363636364,141.09417487142358,0.048,2523566.590909091,400.0,257.020755357143,229.887549275362,519.879422315217,0.6465356319314812,34.06818181818182,1568.17,0.05,41.45,39380.66666666666,138.03022073960275,40071.1,1,0,0,0,0,0,1,0,0.5694074932735647
2021-04-30,40071.1,139.4595002410379,0.041,2545887.45,1470.0,235.815603571429,239.936143333333,537.418366704545,0.8504360934639817,34.096875,1583.81,0.05,30.9,39707.86363636364,141.09417487142358,41091.57894736842,1,1,0,0,1,0,2,0,0.6695664283869706
2021-05-31,41091.57894736842,139.02384962262022,0.033,2540325.7368421047,1672.0,239.60245085034,278.447005396825,576.96794925,0.6620975454255656,34.11513157894737,1546.05,0.08,31.12,40071.1,139.4595002410379,42417.38095238096,1,1,0,0,1,0,2,0,0.719689756940343
2021-06-30,42417.38095238096,141.51582653601477,0.032,2701957.142857143,1101.0,248.767746071429,238.767026666667,537.355735397727,0.6575687591853873,34.11904761904762,1514.27,0.09,26.84,41091.57894736842,139.02384962262022,42842.80952380953,1,1,0,0,1,0,2,0,0.7233674660249783
2021-07-31,42842.80952380953,141.27998968445004,0.03,2864204.857142857,1537.0,264.573146768707,243.628006984127,523.5714795,0.5823981712385701,34.13095238095238,1596.32,0.1,22.89,42417.38095238096,141.51582653601477,43493.47619047619,1,1,0,0,1,0,3,0,0.634021491949841
2021-08-31,43493.47619047619,143.26683383080243,0.025,2930302.142857143,2345.0,276.719178214286,274.87603,504.040055590909,0.4841596379345813,34.15773809523809,1566.91,0.09,27.65,42842.80952380953,141.27998968445004,44879.18181818182,1,0,0,0,0,0,3,0,0.574708856119513
2021-09-30,44879.18181818182,143.9706718205934,0.035,2930527.5,1684.0,292.671593045113,269.733507301587,469.44013575,0.4567097364940482,34.15909090909091,1541.09,0.09,29.44,43493.47619047619,143.26683383080243,42939.42105263158,1,0,0,0,0,0,3,0,0.5077558485557333
2021-10-31,42939.42105263158,143.3826841389152,0.035,3032867.7368421047,1616.0,335.930684161491,294.036818253968,452.02187225,0.5479093198992441,34.14144736842105,1635.33,0.09,25.0,44879.18181818182,143.9706718205934,42472.66666666666,1,0,0,0,0,0,4,0,0.49625956477595795
2021-11-30,42472.66666666666,145.83092604014135,0.025,3151509.523809524,424.0,348.507116964286,317.437354813333,454.57643425,0.5789053932808292,34.17559523809524,1765.32,0.09,22.37,42939.42105263158,143.3826841389152,40627.4,1,0,0,0,0,0,4,0,0.5278414832247073
2021-12-31,40627.4,149.90105859226648,0.038,3383347.35,371.0,344.909299603175,324.017900555555,473.8100115,0.7165570713514575,34.2,1730.43,0.09,24.91,42472.66666666666,145.83092604014135,38995.428571428565,1,0,0,0,0,0,4,1,0.6144572615105103
2022-01-31,38995.428571428565,148.38667229287788,0.039,3702429.095238095,297.0,335.717134013605,326.081669833333,514.4485437,0.7400461627236008,36.92559523809524,1840.0,0.08,23.14,40627.4,149.90105859226648,37286.68421052631,1,0,0,0,0,0,1,0,0.6785028757852959
2022-02-28,37286.68421052631,150.62749685707746,0.047,3766891.1578947366,818.0,312.682041964286,347.5032275,583.693013289474,0.7218511899162827,38.315789473684205,1764.42,0.07,21.84,38995.428571428565,148.38667229287788,38588.47619047619,1,0,0,0,0,0,1,0,0.7261514746637804
2022-03-31,38588.47619047619,150.51804657724526,0.067,3663134.80952381,271.0,293.930790333851,387.665013697101,617.198306869565,0.6962360679700347,40.54166666666666,1819.09,0.07,17.42,37286.68421052631,150.62749685707746,42987.63157894737,1,0,0,0,0,1,1,0,0.7193778068699728
2022-04-30,42987.63157894737,152.04518763486476,0.06,3615568.842105264,1454.0,312.546127891156,406.026886301667,618.13839025,0.7503970354685016,43.27302631578947,1728.25,0.06,19.76,38588.47619047619,150.51804657724526,41639.1,1,1,0,0,1,0,2,0,0.7228280977849396
2022-05-31,41639.1,152.24234464055826,0.051,3708232.95,368.0,343.553283333333,444.15656781746,617.122967761364,0.693835965359144,45.521875,1883.41,0.08,16.96,42987.63157894737,152.04518763486476,40867.6,1,1,0,0,1,0,2,0,0.7134896895992268
2022-06-30,40867.6,154.12153204664014,0.053,3896192.45,-231.0,320.929682857143,397.6523199,621.198178125,0.6775297376568356,48.20625,2153.45,0.1,17.6,41639.1,152.24234464055826,40408.04761904762,1,1,0,0,1,0,2,0,0.7072542461614937
2022-07-31,40408.04761904762,152.28690814616465,0.074,4215983.047619048,-484.0,302.235405102041,321.97512765873,571.00147225,0.6801089918256134,51.07142857142857,2684.86,0.09,17.47,40867.6,154.12153204664014,37142.22727272727,1,1,0,0,1,0,3,0,0.683824898280531
2022-08-31,37142.22727272727,151.612772449014,0.07,4298228.454545454,-296.0,302.839988392857,323.016768768116,576.824169554348,0.5202897479488507,60.48863636363637,2417.43,0.08,19.82,40408.04761904762,152.28690814616465,37232.71428571428,1,0,0,0,0,0,3,0,0.6259761591437666
2022-09-30,37232.71428571428,150.70048200834128,0.062,4180569.7142857136,381.0,298.245303383459,346.322181071428,537.551980159091,0.3828587342477198,66.48809523809524,2455.2,0.08,17.87,37142.22727272727,151.612772449014,39088.42105263158,1,0,0,0,0,0,3,0,0.527752491340728
2022-10-31,39088.42105263158,149.33554346256122,0.063,4229952.7894736845,1883.0,284.957404968944,353.712907166667,507.5442275,0.3367193131922143,69.0625,2703.95,0.08,18.5,37232.71428571428,150.70048200834128,37925.85714285714,1,0,0,0,0,0,4,0,0.41328926512959496
2022-11-30,37925.85714285714,148.4884226507778,0.049,4400164.428571428,1360.0,291.179744924812,344.329860728333,529.748119329545,0.3028003947693067,69.17857142857143,2445.05,0.08,21.35,39088.42105263158,149.33554346256122,40820.9,1,0,0,0,0,0,4,0,0.340792814069747
2022-12-31,40820.9,148.70998019640453,0.051,4821671.55,1102.0,268.172526360544,323.654838134921,541.831786125,0.550318102949682,69.3,2216.18,0.08,23.18,37925.85714285714,148.4884226507778,43159.86363636364,1,0,0,0,0,0,4,1,0.3966126036370677
2023-01-31,43159.86363636364,149.67909756209536,0.06,5292718.863636363,-442.65,266.93523962585,320.097045125,555.506288113636,0.6476624231782264,69.46875,1956.59,0.08,25.75,40820.9,148.70998019640453,39898.777777777774,1,0,1,1,0,0,1,0,0.5002603069657384
2023-02-28,39898.777777777774,149.56301159336667,0.066,5237316.222222222,210.6,235.271947278912,332.412023436842,561.2921682375,0.4713116889884829,69.77430555555556,1976.25,0.2,26.97,43159.86363636364,149.67909756209536,37943.09090909091,1,0,1,1,0,0,1,0,0.5564307383721304
2023-03-31,37943.09090909091,150.95383648266932,0.077,5166708.090909091,-1111.03,207.675888664596,309.429599855072,547.225521652174,0.4094333119984243,70.98011363636364,2290.17,0.33,24.37,39898.777777777774,149.56301159336667,36971.944444444445,1,0,1,1,0,0,1,0,0.509469141388378
2023-04-30,36971.944444444445,147.420237630235,0.084,5200756.166666667,-192.99,223.847666428571,312.81082437193,546.87485895,0.3470631695603991,74.2361111111111,2501.9,0.77,29.31,37943.09090909091,150.95383648266932,33545.0,1,1,1,1,0,0,2,0,0.4092693901824355
2023-05-31,33545.0,145.73431858289763,0.078,5394247.0,-1124.04,221.90251875,299.44000625,508.345095619565,0.359055322462044,90.046875,2583.09,1.21,28.23,36971.944444444445,147.420237630235,31849.9,1,1,1,1,0,0,2,0,0.3718506013402892
2023-06-30,31849.9,146.23873239935295,0.06,5600168.8,-1832.74,209.040296830357,282.27674528254,526.295046613636,0.3961247789033608,92.446875,2309.41,1.68,25.0,33545.0,145.73431858289763,26070.09523809524,1,1,1,1,0,0,2,0,0.3674144236419347
2023-07-31,26070.09523809524,148.4041223249085,0.063,6105240.666666667,-700.34,207.397968890977,278.617600992064,555.11419625,0.4196344804293166,92.60119047619048,2017.05,2.33,22.17,31849.9,146.23873239935295,25280.22727272727,1,1,1,1,0,0,3,0,0.3916048605982405
2023-08-31,25280.22727272727,149.89987868424654,0.124,6397005.409090909,-974.39,198.757928528912,241.413877753623,510.150329576087,0.168187744458931,104.0170454545455,2046.35,2.56,27.34,26070.09523809524,148.4041223249085,27484.952380952385,1,0,1,1,0,1,3,0,0.32798233459720283
2023-09-30,27484.952380952385,149.48138256979234,0.127,6526667.857142856,-774.44,188.947744464286,229.390711,487.151474,0.1235428571428571,113.73511904761908,2246.48,3.08,30.01,25280.22727272727,149.89987868424654,25232.3,1,0,1,1,0,0,3,0,0.23712169401036828
2023-10-31,25232.3,148.27857113501602,0.083,7144661.05,-442.41,190.227211428571,216.463939126984,471.931072295454,0.3376378492657563,122.08125,2549.23,3.78,23.3,27484.952380952385,149.48138256979234,21398.8,1,0,1,1,0,0,4,0,0.20978948362251484
2023-11-30,21398.8,146.46241026600188,0.128,7806569.8,-558.7,190.90005,216.000269047619,494.348904715909,0.3819805561835858,129.35,2321.09,4.1,21.78,25232.3,148.27857113501602,21879.94736842105,1,0,1,1,0,0,4,0,0.28105375419739975
2023-12-31,21879.94736842105,143.38718516085896,0.255,9143580.684210524,1018.04,201.019470535714,229.633412587719,481.48682025,-0.2217601246105919,121.1710526315789,1886.05,4.33,20.17,21398.8,146.46241026600188,24328.68181818182,1,0,1,1,0,0,4,1,0.16595276027958342
2024-01-31,24328.68181818182,143.80100352260598,0.206,10250234.18181818,808.37,191.240942946429,226.078531904762,452.626469673913,-0.2732082849636463,109.1676136363636,1945.48,4.57,20.12,21879.94736842105,143.38718516085896,26959.42105263158,1,0,0,0,0,0,1,0,-0.0376626177968841
2024-02-29,26959.42105263158,143.68586840072385,0.132,10475072.736842113,1432.09,177.767708446429,219.238068463333,429.72632,-0.1272951575618929,108.8947368421053,1843.95,4.65,21.64,24328.68181818182,143.80100352260598,27998.57894736842,1,0,0,0,0,0,1,0,-0.20742118904537699
2024-03-31,27998.57894736842,142.8093520260092,0.11,10907225.10526316,2160.38,169.296742410714,211.841017208333,433.52754325,-0.0463932074229131,85.41447368421052,1556.1,4.83,17.82,26959.42105263158,143.68586840072385,28349.0,1,0,0,0,0,0,1,0,-0.14896554998281739
2024-04-30,28349.0,140.97930162334268,0.088,11650031.33333333,1806.77,183.655827659774,208.3816845,427.922140704545,0.082333854800394,71.28125,1279.95,5.06,17.64,27998.57894736842,142.8093520260092,28583.51612903226,1,1,0,0,1,0,2,0,-0.03045150339480397
2024-05-31,28583.51612903226,142.59713499358517,0.042,11650031.33333333,2654.42,189.587905861801,227.430770416667,447.494333315217,0.082333854800394,71.28125,1297.78,5.08,14.0,28349.0,140.97930162334268,29491.133333333328,1,1,0,0,1,0,2,0,0.03942483405929167
2024-06-30,29491.133333333328,143.43131650988747,0.046,11650031.33333333,1879.78,201.308270188492,205.226054898333,430.9714502625,0.082333854800394,71.28125,1455.0,5.12,13.93,28583.51612903226,142.59713499358517,28163.70967741936,1,1,0,0,1,0,2,0,0.082333854800394
2024-07-31,28163.70967741936,146.88334745461847,0.04,11650031.33333333,1458.74,202.829961026786,183.225634166667,411.082125391304,0.082333854800394,71.28125,1535.7,5.33,15.85,29491.133333333328,143.43131650988747,27537.70967741936,1,1,0,0,1,0,3,0,0.082333854800394
2024-08-31,27537.70967741936,147.78993628244422,0.042,11650031.33333333,1874.84,214.359926785714,175.510466266667,361.829410329545,0.082333854800394,71.28125,1530.41,5.33,15.17,28163.70967741936,146.88334745461847,27580.83333333333,1,0,0,0,0,0,3,0,0.082333854800394
2024-09-30,27580.83333333333,147.71747982453553,0.035,11650031.33333333,981.92,221.25454431391,188.505216574074,372.09557625,0.082333854800394,71.28125,1380.48,5.33,18.89,27537.70967741936,147.78993628244422,28706.35483870968,1,0,0,0,0,0,3,0,0.082333854800394
2024-10-31,28706.35483870968,149.08210138939413,0.027,11650031.33333333,911.79,207.751690816327,197.371945833333,368.491384434783,0.082333854800394,71.28125,1101.09,5.33,14.02,27580.83333333333,147.71747982453553,30272.56666666667,1,0,0,0,0,0,4,0,0.082333854800394
2024-11-30,30272.56666666667,150.61436041445128,0.024,11650031.33333333,1276.93,215.569093367347,185.734787082456,365.51670425,0.082333854800394,71.28125,804.95,5.33,12.72,28706.35483870968,149.08210138939413,31751.74193548387,1,0,0,0,0,0,4,0,0.082333854800394
2024-12-31,31751.74193548387,152.26781126170107,0.027,11650031.33333333,1681.61,204.808448129252,185.7943505,361.236500625,0.082333854800394,71.28125,691.59,5.33,13.39,30272.56666666667,150.61436041445128,30733.93548387097,1,0,0,0,0,0,4,1,0.082333854800394
2025-01-31,30733.93548387097,152.09870040560742,0.022,11650031.33333333,162.1,195.719077321429,190.629642063492,377.853040173913,0.082333854800394,71.28125,610.74,5.33,13.98,31751.74193548387,152.26781126170107,28735.85714285714,1,0,0,0,0,0,1,0,0.082333854800394
2025-02-28,28735.85714285714,153.15327910648915,0.024,11650031.33333333,275.42,195.719077321429,190.102642110526,382.0839574125,0.082333854800394,71.28125,698.3,5.33,13.79,30733.93548387097,152.09870040560742,27251.22580645161,1,0,0,0,0,0,1,0,0.082333854800394
2025-03-31,27251.22580645161,150.59796479701404,0.037,11650031.33333333,623.5,195.719077321429,179.606542063492,369.344173,0.082333854800394,71.28125,753.95,5.33,16.14,28735.85714285714,153.15327910648915,32301.2,1,0,0,0,0,0,1,0,0.082333854800394
2025-04-30,32301.2,152.42841928158077,0.028,11650031.33333333,214.37,195.719077321429,174.81674265873,378.066199057543,0.082333854800394,71.28125,799.18,5.33,13.06,27251.22580645161,150.59796479701404,38325.29032258064,1,1,0,0,1,0,2,0,0.082333854800394
2025-05-31,38325.29032258064,152.0558950505643,0.015,11650031.33333333,607.21,195.719077321429,196.841071428571,387.649984285498,0.082333854800394,71.28125,683.81,5.33,12.67,32301.2,152.42841928158077,39759.533333333326,1,1,0,0,1,0,2,0,0.082333854800394
2025-06-30,39759.533333333326,151.08745963100577,0.016,11650031.33333333,879.35,195.719077321429,173.194763481667,383.520686995902,0.082333854800394,71.28125,688.17,5.33,14.37,38325.29032258064,152.0558950505643,40286.03225806452,1,1,0,0,1,0,2,0,0.082333854800394
2025-07-31,40286.03225806452,150.8881584586482,0.019,11650031.33333333,906.88,195.719077321429,173.194763481667,383.520686995902,0.082333854800394,71.28125,728.19,5.33,19.31,39759.533333333326,151.08745963100577,41916.548387096766,1,1,0,0,1,0,3,0,0.082333854800394
2025-08-31,41916.548387096766,150.8881584586482,0.019,11650031.33333333,1440.29,195.719077321429,173.194763481667,383.520686995902,0.082333854800394,71.28125,758.1,5.13,17.66,40286.03225806452,150.8881584586482,41916.548387096766,1,0,0,0,0,0,3,0,0.082333854800394
2025-09-30,41916.548387096766,150.8881584586482,0.021,11650031.33333333,920.88,195.719077321429,173.194763481667,383.520686995902,0.082333854800394,71.28125,1089.91,4.83,19.96,41916.548387096766,150.8881584586482,41916.548387096766,1,0,0,0,0,0,3,0,0.082333854800394
2025-10-31,41916.548387096766,150.8881584586482,0.021,11650031.33333333,920.88,195.719077321429,173.194763481667,383.520686995902,0.082333854800394,71.28125,1071.0,4.64,16.02,41916.548387096766,150.8881584586482,,1,0,0,0,0,0,4,0,0.082333854800394
